time,cumulativeEmpty,cumulativeBatchingIdleReward,batchingIdleTime,batchingIdleFraction
0,0,0,0,0
0.1,0.1,0.0,0.0,0
0.2,0.2,0.0,0.0,0
0.3,0.3,0.0,0.0,0
0.4,0.4,0.0,0.0,0
0.5,0.5,0.0,0.0,0
0.6,0.6,0.0,0.0,0
0.7,0.7,0.0,0.0,0
0.8,0.8,0.0,0.0,0
0.9,0.9,0.0,0.0,0
1.0,1.0,0.0,0.0,0
1.1,1.1,0.0,0.0,0
1.2,1.15,0.1,0.05,0.04166666666666666666666666666666667
1.3,1.15,0.3,0.15,0.1153846153846153846153846153846154
1.4,1.15,0.5,0.25,0.1785714285714285714285714285714286
1.5,1.15,0.7,0.35,0.2333333333333333333333333333333333
1.6,1.15,0.9,0.45,0.28125
1.7,1.15,1.1,0.55,0.3235294117647058823529411764705882
1.8,1.15,1.3,0.65,0.3611111111111111111111111111111111
1.9,1.15,1.5,0.75,0.3947368421052631578947368421052632
2.0,1.15,1.7,0.85,0.425
2.1,1.15,1.9,0.95,0.4523809523809523809523809523809524
2.2,1.15,2.1,1.05,0.4772727272727272727272727272727273
2.3,1.15,2.3,1.15,0.5
2.4,1.15,2.5,1.25,0.5208333333333333333333333333333333
2.5,1.15,2.7,1.35,0.54
2.6,1.15,2.9,1.45,0.5576923076923076923076923076923077
2.7,1.15,3.1,1.55,0.5740740740740740740740740740740741
2.8,1.15,3.3,1.65,0.5892857142857142857142857142857143
2.9,1.15,3.5,1.75,0.6034482758620689655172413793103448
3.0,1.15,3.7,1.85,0.6166666666666666666666666666666667
3.1,1.15,3.9,1.95,0.6290322580645161290322580645161290
3.2,1.15,4.1,2.05,0.640625
3.3,1.15,4.3,2.15,0.6515151515151515151515151515151515
3.4,1.15,4.5,2.25,0.6617647058823529411764705882352941
3.5,1.15,4.7,2.35,0.6714285714285714285714285714285714
3.6,1.15,4.9,2.45,0.6805555555555555555555555555555556
3.7,1.15,5.1,2.55,0.6891891891891891891891891891891892
3.8,1.15,5.3,2.65,0.6973684210526315789473684210526316
3.9,1.15,5.5,2.75,0.7051282051282051282051282051282051
4.0,1.15,5.7,2.85,0.7125
4.1,1.15,5.9,2.95,0.7195121951219512195121951219512195
4.2,1.15,6.1,3.05,0.7261904761904761904761904761904762
4.3,1.15,6.3,3.15,0.7325581395348837209302325581395349
4.4,1.15,6.5,3.25,0.7386363636363636363636363636363636
4.5,1.15,6.7,3.35,0.7444444444444444444444444444444444
4.6,1.15,6.9,3.45,0.75
4.7,1.15,7.1,3.55,0.7553191489361702127659574468085106
4.8,1.15,7.3,3.65,0.7604166666666666666666666666666667
4.9,1.15,7.5,3.75,0.7653061224489795918367346938775510
5.0,1.15,7.7,3.85,0.77
5.1,1.15,7.9,3.95,0.7745098039215686274509803921568627
5.2,1.15,8.1,4.05,0.7788461538461538461538461538461538
5.3,1.15,8.3,4.15,0.7830188679245283018867924528301887
5.4,1.15,8.5,4.25,0.7870370370370370370370370370370370
5.5,1.15,8.7,4.35,0.7909090909090909090909090909090909
5.6,1.15,8.9,4.45,0.7946428571428571428571428571428571
5.7,1.15,9.1,4.55,0.7982456140350877192982456140350877
5.8,1.15,9.3,4.65,0.8017241379310344827586206896551724
5.9,1.15,9.5,4.75,0.8050847457627118644067796610169492
6.0,1.15,9.7,4.85,0.8083333333333333333333333333333333
6.1,1.15,9.9,4.95,0.8114754098360655737704918032786885
6.2,1.15,10.1,5.05,0.8145161290322580645161290322580645
6.3,1.15,10.3,5.15,0.8174603174603174603174603174603175
6.4,1.15,10.5,5.25,0.8203125
6.5,1.15,10.7,5.35,0.8230769230769230769230769230769231
6.6,1.15,10.9,5.45,0.8257575757575757575757575757575758
6.7,1.15,11.1,5.55,0.8283582089552238805970149253731343
6.8,1.15,11.3,5.65,0.8308823529411764705882352941176471
6.9,1.15,11.5,5.75,0.8333333333333333333333333333333333
7.0,1.15,11.7,5.85,0.8357142857142857142857142857142857
7.1,1.15,11.9,5.95,0.8380281690140845070422535211267606
7.2,1.15,12.1,6.05,0.8402777777777777777777777777777778
7.3,1.15,12.3,6.15,0.8424657534246575342465753424657534
7.4,1.15,12.5,6.25,0.8445945945945945945945945945945946
7.5,1.15,12.7,6.35,0.8466666666666666666666666666666667
7.6,1.15,12.9,6.45,0.8486842105263157894736842105263158
7.7,1.15,13.1,6.55,0.8506493506493506493506493506493506
7.8,1.15,13.3,6.65,0.8525641025641025641025641025641026
7.9,1.15,13.5,6.75,0.8544303797468354430379746835443038
8.0,1.15,13.7,6.85,0.85625
8.1,1.15,13.9,6.95,0.8580246913580246913580246913580247
8.2,1.15,14.1,7.05,0.8597560975609756097560975609756098
8.3,1.15,14.3,7.15,0.8614457831325301204819277108433735
8.4,1.15,14.5,7.25,0.8630952380952380952380952380952381
8.5,1.15,14.7,7.35,0.8647058823529411764705882352941176
8.6,1.15,14.9,7.45,0.8662790697674418604651162790697674
8.7,1.15,15.1,7.55,0.8678160919540229885057471264367816
8.8,1.15,15.3,7.65,0.8693181818181818181818181818181818
8.9,1.15,15.5,7.75,0.8707865168539325842696629213483146
9.0,1.15,15.7,7.85,0.8722222222222222222222222222222222
9.1,1.15,15.9,7.95,0.8736263736263736263736263736263736
9.2,1.15,16.1,8.05,0.875
9.3,1.15,16.3,8.15,0.8763440860215053763440860215053763
9.4,1.15,16.5,8.25,0.8776595744680851063829787234042553
9.5,1.15,16.7,8.35,0.8789473684210526315789473684210526
9.6,1.15,16.9,8.45,0.8802083333333333333333333333333333
9.7,1.15,17.1,8.55,0.8814432989690721649484536082474227
9.8,1.15,17.3,8.65,0.8826530612244897959183673469387755
9.9,1.15,17.5,8.75,0.8838383838383838383838383838383838
10.0,1.15,17.7,8.85,0.885
10.1,1.15,17.9,8.95,0.8861386138613861386138613861386139
10.2,1.15,18.1,9.05,0.8872549019607843137254901960784314
10.3,1.15,18.3,9.15,0.8883495145631067961165048543689320
10.4,1.15,18.5,9.25,0.8894230769230769230769230769230769
10.5,1.15,18.7,9.35,0.8904761904761904761904761904761905
10.6,1.15,18.9,9.45,0.8915094339622641509433962264150943
10.7,1.15,19.1,9.55,0.8925233644859813084112149532710280
10.8,1.15,19.3,9.65,0.8935185185185185185185185185185185
10.9,1.15,19.5,9.75,0.8944954128440366972477064220183486
11.0,1.15,19.7,9.85,0.8954545454545454545454545454545455
11.1,1.15,19.9,9.95,0.8963963963963963963963963963963964
11.2,1.15,20.1,10.05,0.8973214285714285714285714285714286
11.3,1.15,20.3,10.15,0.8982300884955752212389380530973451
11.4,1.15,20.5,10.25,0.8991228070175438596491228070175439
11.5,1.15,20.7,10.35,0.9
11.6,1.15,20.9,10.45,0.9008620689655172413793103448275862
11.7,1.15,21.1,10.55,0.9017094017094017094017094017094017
11.8,1.15,21.3,10.65,0.9025423728813559322033898305084746
11.9,1.15,21.5,10.75,0.9033613445378151260504201680672269
12.0,1.15,21.7,10.85,0.9041666666666666666666666666666667
12.1,1.15,21.9,10.95,0.9049586776859504132231404958677686
12.2,1.15,22.1,11.05,0.9057377049180327868852459016393443
12.3,1.15,22.3,11.15,0.9065040650406504065040650406504065
12.4,1.15,22.5,11.25,0.9072580645161290322580645161290323
12.5,1.15,22.7,11.35,0.908
12.6,1.15,22.9,11.45,0.9087301587301587301587301587301587
12.7,1.15,23.1,11.55,0.9094488188976377952755905511811024
12.8,1.15,23.3,11.65,0.91015625
12.9,1.15,23.5,11.75,0.9108527131782945736434108527131783
13.0,1.15,23.7,11.85,0.9115384615384615384615384615384615
13.1,1.15,23.9,11.95,0.9122137404580152671755725190839695
13.2,1.15,24.1,12.05,0.9128787878787878787878787878787879
13.3,1.15,24.3,12.15,0.9135338345864661654135338345864662
13.4,1.15,24.5,12.25,0.9141791044776119402985074626865672
13.5,1.15,24.7,12.35,0.9148148148148148148148148148148148
13.6,1.15,24.9,12.45,0.9154411764705882352941176470588235
13.7,1.15,25.1,12.55,0.9160583941605839416058394160583942
13.8,1.15,25.3,12.65,0.9166666666666666666666666666666667
13.9,1.15,25.5,12.75,0.9172661870503597122302158273381295
14.0,1.15,25.7,12.85,0.9178571428571428571428571428571429
14.1,1.15,25.9,12.95,0.9184397163120567375886524822695035
14.2,1.15,26.1,13.05,0.9190140845070422535211267605633803
14.3,1.15,26.3,13.15,0.9195804195804195804195804195804196
14.4,1.15,26.5,13.25,0.9201388888888888888888888888888889
14.5,1.15,26.7,13.35,0.9206896551724137931034482758620690
14.6,1.15,26.9,13.45,0.9212328767123287671232876712328767
14.7,1.15,27.1,13.55,0.9217687074829931972789115646258503
14.8,1.15,27.3,13.65,0.9222972972972972972972972972972973
14.9,1.15,27.5,13.75,0.9228187919463087248322147651006711
15.0,1.15,27.7,13.85,0.9233333333333333333333333333333333
15.1,1.15,27.9,13.95,0.9238410596026490066225165562913907
15.2,1.15,28.1,14.05,0.9243421052631578947368421052631579
15.3,1.15,28.3,14.15,0.9248366013071895424836601307189542
15.4,1.15,28.5,14.25,0.9253246753246753246753246753246753
15.5,1.15,28.7,14.35,0.9258064516129032258064516129032258
15.6,1.15,28.9,14.45,0.9262820512820512820512820512820513
15.7,1.15,29.1,14.55,0.9267515923566878980891719745222930
15.8,1.15,29.3,14.65,0.9272151898734177215189873417721519
15.9,1.15,29.5,14.75,0.9276729559748427672955974842767296
16.0,1.15,29.7,14.85,0.928125
16.1,1.15,29.9,14.95,0.9285714285714285714285714285714286
16.2,1.15,30.1,15.05,0.9290123456790123456790123456790123
16.3,1.15,30.3,15.15,0.9294478527607361963190184049079755
16.4,1.15,30.5,15.25,0.9298780487804878048780487804878049
16.5,1.15,30.7,15.35,0.9303030303030303030303030303030303
16.6,1.15,30.9,15.45,0.9307228915662650602409638554216867
16.7,1.15,31.1,15.55,0.9311377245508982035928143712574850
16.8,1.15,31.3,15.65,0.9315476190476190476190476190476190
16.9,1.15,31.5,15.75,0.9319526627218934911242603550295858
17.0,1.15,31.7,15.85,0.9323529411764705882352941176470588
17.1,1.15,31.9,15.95,0.9327485380116959064327485380116959
17.2,1.15,32.1,16.05,0.9331395348837209302325581395348837
17.3,1.15,32.3,16.15,0.9335260115606936416184971098265896
17.4,1.15,32.5,16.25,0.9339080459770114942528735632183908
17.5,1.15,32.7,16.35,0.9342857142857142857142857142857143
17.6,1.15,32.9,16.45,0.9346590909090909090909090909090909
17.7,1.15,33.1,16.55,0.9350282485875706214689265536723164
17.8,1.15,33.3,16.65,0.9353932584269662921348314606741573
17.9,1.15,33.5,16.75,0.9357541899441340782122905027932961
18.0,1.15,33.7,16.85,0.9361111111111111111111111111111111
18.1,1.15,33.9,16.95,0.9364640883977900552486187845303867
18.2,1.15,34.1,17.05,0.9368131868131868131868131868131868
18.3,1.15,34.3,17.15,0.9371584699453551912568306010928962
18.4,1.15,34.5,17.25,0.9375
18.5,1.15,34.7,17.35,0.9378378378378378378378378378378378
18.6,1.15,34.9,17.45,0.9381720430107526881720430107526882
18.7,1.15,35.1,17.55,0.9385026737967914438502673796791444
18.8,1.15,35.3,17.65,0.9388297872340425531914893617021277
18.9,1.15,35.5,17.75,0.9391534391534391534391534391534392
19.0,1.15,35.7,17.85,0.9394736842105263157894736842105263
19.1,1.15,35.9,17.95,0.9397905759162303664921465968586387
19.2,1.15,36.1,18.05,0.9401041666666666666666666666666667
19.3,1.15,36.3,18.15,0.9404145077720207253886010362694301
19.4,1.15,36.5,18.25,0.9407216494845360824742268041237113
19.5,1.15,36.7,18.35,0.9410256410256410256410256410256410
19.6,1.15,36.9,18.45,0.9413265306122448979591836734693878
19.7,1.15,37.1,18.55,0.9416243654822335025380710659898477
19.8,1.15,37.3,18.65,0.9419191919191919191919191919191919
19.9,1.15,37.5,18.75,0.9422110552763819095477386934673367
20.0,1.15,37.7,18.85,0.9425
20.1,1.15,37.9,18.95,0.9427860696517412935323383084577114
20.2,1.20,38.0,19.0,0.9405940594059405940594059405940594
20.3,1.30,38.0,19.0,0.9359605911330049261083743842364532
20.4,1.40,38.0,19.0,0.9313725490196078431372549019607843
20.5,1.50,38.0,19.0,0.9268292682926829268292682926829268
20.6,1.60,38.0,19.0,0.9223300970873786407766990291262136
20.7,1.70,38.0,19.0,0.9178743961352657004830917874396135
20.8,1.80,38.0,19.0,0.9134615384615384615384615384615385
20.9,1.90,38.0,19.0,0.9090909090909090909090909090909091
21.0,2.00,38.0,19.0,0.9047619047619047619047619047619048
21.1,2.10,38.0,19.0,0.9004739336492890995260663507109005
21.2,2.20,38.0,19.0,0.8962264150943396226415094339622642
21.3,2.30,38.0,19.0,0.8920187793427230046948356807511737
21.4,2.40,38.0,19.0,0.8878504672897196261682242990654206
21.5,2.50,38.0,19.0,0.8837209302325581395348837209302326
21.6,2.55,38.0,19.0,0.8796296296296296296296296296296296
21.7,2.55,38.0,19.0,0.8755760368663594470046082949308756
21.8,2.55,38.0,19.0,0.8715596330275229357798165137614679
21.9,2.55,38.0,19.0,0.8675799086757990867579908675799087
22.0,2.55,38.0,19.0,0.8636363636363636363636363636363636
22.1,2.55,38.0,19.0,0.8597285067873303167420814479638009
22.2,2.55,38.0,19.0,0.8558558558558558558558558558558559
22.3,2.55,38.0,19.0,0.8520179372197309417040358744394619
22.4,2.55,38.0,19.0,0.8482142857142857142857142857142857
22.5,2.55,38.0,19.0,0.8444444444444444444444444444444444
22.6,2.55,38.0,19.0,0.8407079646017699115044247787610619
22.7,2.55,38.0,19.0,0.8370044052863436123348017621145374
22.8,2.55,38.0,19.0,0.8333333333333333333333333333333333
22.9,2.55,38.0,19.0,0.8296943231441048034934497816593886
23.0,2.55,38.0,19.0,0.8260869565217391304347826086956522
23.1,2.55,38.0,19.0,0.8225108225108225108225108225108225
23.2,2.55,38.0,19.0,0.8189655172413793103448275862068966
23.3,2.55,38.0,19.0,0.8154506437768240343347639484978541
23.4,2.55,38.0,19.0,0.8119658119658119658119658119658120
23.5,2.55,38.0,19.0,0.8085106382978723404255319148936170
23.6,2.55,38.0,19.0,0.8050847457627118644067796610169492
23.7,2.55,38.0,19.0,0.8016877637130801687763713080168776
23.8,2.55,38.0,19.0,0.7983193277310924369747899159663866
23.9,2.55,38.0,19.0,0.7949790794979079497907949790794979
24.0,2.55,38.0,19.0,0.7916666666666666666666666666666667
24.1,2.55,38.0,19.0,0.7883817427385892116182572614107884
24.2,2.55,38.0,19.0,0.7851239669421487603305785123966942
24.3,2.55,38.0,19.0,0.7818930041152263374485596707818930
24.4,2.55,38.0,19.0,0.7786885245901639344262295081967213
24.5,2.55,38.0,19.0,0.7755102040816326530612244897959184
24.6,2.55,38.0,19.0,0.7723577235772357723577235772357724
24.7,2.55,38.0,19.0,0.7692307692307692307692307692307692
24.8,2.55,38.0,19.0,0.7661290322580645161290322580645161
24.9,2.55,38.0,19.0,0.7630522088353413654618473895582329
25.0,2.55,38.0,19.0,0.76
25.1,2.55,38.0,19.0,0.7569721115537848605577689243027888
25.2,2.55,38.0,19.0,0.7539682539682539682539682539682540
25.3,2.55,38.0,19.0,0.7509881422924901185770750988142292
25.4,2.55,38.0,19.0,0.7480314960629921259842519685039370
25.5,2.55,38.0,19.0,0.7450980392156862745098039215686275
25.6,2.55,38.0,19.0,0.7421875
25.7,2.55,38.0,19.0,0.7392996108949416342412451361867704
25.8,2.55,38.0,19.0,0.7364341085271317829457364341085271
25.9,2.55,38.0,19.0,0.7335907335907335907335907335907336
26.0,2.55,38.0,19.0,0.7307692307692307692307692307692308
26.1,2.55,38.0,19.0,0.7279693486590038314176245210727969
26.2,2.55,38.0,19.0,0.7251908396946564885496183206106870
26.3,2.55,38.0,19.0,0.7224334600760456273764258555133080
26.4,2.55,38.0,19.0,0.7196969696969696969696969696969697
26.5,2.55,38.0,19.0,0.7169811320754716981132075471698113
26.6,2.55,38.0,19.0,0.7142857142857142857142857142857143
26.7,2.55,38.0,19.0,0.7116104868913857677902621722846442
26.8,2.55,38.0,19.0,0.7089552238805970149253731343283582
26.9,2.55,38.0,19.0,0.7063197026022304832713754646840149
27.0,2.55,38.0,19.0,0.7037037037037037037037037037037037
27.1,2.55,38.0,19.0,0.7011070110701107011070110701107011
27.2,2.55,38.0,19.0,0.6985294117647058823529411764705882
27.3,2.55,38.0,19.0,0.6959706959706959706959706959706960
27.4,2.55,38.0,19.0,0.6934306569343065693430656934306569
27.5,2.55,38.0,19.0,0.6909090909090909090909090909090909
27.6,2.55,38.0,19.0,0.6884057971014492753623188405797101
27.7,2.55,38.0,19.0,0.6859205776173285198555956678700361
27.8,2.55,38.0,19.0,0.6834532374100719424460431654676259
27.9,2.55,38.0,19.0,0.6810035842293906810035842293906810
28.0,2.55,38.0,19.0,0.6785714285714285714285714285714286
28.1,2.55,38.0,19.0,0.6761565836298932384341637010676157
28.2,2.55,38.0,19.0,0.6737588652482269503546099290780142
28.3,2.55,38.0,19.0,0.6713780918727915194346289752650177
28.4,2.55,38.0,19.0,0.6690140845070422535211267605633803
28.5,2.55,38.0,19.0,0.6666666666666666666666666666666667
28.6,2.55,38.0,19.0,0.6643356643356643356643356643356643
28.7,2.55,38.0,19.0,0.6620209059233449477351916376306620
28.8,2.55,38.0,19.0,0.6597222222222222222222222222222222
28.9,2.55,38.0,19.0,0.6574394463667820069204152249134948
29.0,2.55,38.0,19.0,0.6551724137931034482758620689655172
29.1,2.55,38.0,19.0,0.6529209621993127147766323024054983
29.2,2.55,38.0,19.0,0.6506849315068493150684931506849315
29.3,2.55,38.0,19.0,0.6484641638225255972696245733788396
29.4,2.55,38.0,19.0,0.6462585034013605442176870748299320
29.5,2.55,38.0,19.0,0.6440677966101694915254237288135593
29.6,2.55,38.0,19.0,0.6418918918918918918918918918918919
29.7,2.55,38.0,19.0,0.6397306397306397306397306397306397
29.8,2.55,38.0,19.0,0.6375838926174496644295302013422819
29.9,2.55,38.0,19.0,0.6354515050167224080267558528428094
30.0,2.55,38.0,19.0,0.6333333333333333333333333333333333
30.1,2.55,38.0,19.0,0.6312292358803986710963455149501661
30.2,2.55,38.0,19.0,0.6291390728476821192052980132450331
30.3,2.55,38.0,19.0,0.6270627062706270627062706270627063
30.4,2.55,38.0,19.0,0.625
30.5,2.55,38.0,19.0,0.6229508196721311475409836065573770
30.6,2.55,38.0,19.0,0.6209150326797385620915032679738562
30.7,2.55,38.0,19.0,0.6188925081433224755700325732899023
30.8,2.55,38.0,19.0,0.6168831168831168831168831168831169
30.9,2.55,38.0,19.0,0.6148867313915857605177993527508091
31.0,2.55,38.0,19.0,0.6129032258064516129032258064516129
31.1,2.55,38.0,19.0,0.6109324758842443729903536977491961
31.2,2.55,38.0,19.0,0.6089743589743589743589743589743590
31.3,2.55,38.0,19.0,0.6070287539936102236421725239616613
31.4,2.55,38.0,19.0,0.6050955414012738853503184713375796
31.5,2.55,38.0,19.0,0.6031746031746031746031746031746032
31.6,2.55,38.0,19.0,0.6012658227848101265822784810126582
31.7,2.55,38.0,19.0,0.5993690851735015772870662460567823
31.8,2.55,38.0,19.0,0.5974842767295597484276729559748428
31.9,2.55,38.0,19.0,0.5956112852664576802507836990595611
32.0,2.55,38.0,19.0,0.59375
32.1,2.55,38.0,19.0,0.5919003115264797507788161993769470
32.2,2.55,38.0,19.0,0.5900621118012422360248447204968944
32.3,2.55,38.0,19.0,0.5882352941176470588235294117647059
32.4,2.55,38.0,19.0,0.5864197530864197530864197530864198
32.5,2.55,38.0,19.0,0.5846153846153846153846153846153846
32.6,2.55,38.0,19.0,0.5828220858895705521472392638036810
32.7,2.55,38.0,19.0,0.5810397553516819571865443425076453
32.8,2.55,38.0,19.0,0.5792682926829268292682926829268293
32.9,2.55,38.0,19.0,0.5775075987841945288753799392097264
33.0,2.55,38.0,19.0,0.5757575757575757575757575757575758
33.1,2.55,38.0,19.0,0.5740181268882175226586102719033233
33.2,2.55,38.0,19.0,0.5722891566265060240963855421686747
33.3,2.55,38.1,19.05,0.5720720720720720720720720720720721
33.4,2.55,38.3,19.15,0.5733532934131736526946107784431138
33.5,2.55,38.5,19.25,0.5746268656716417910447761194029851
33.6,2.60,38.6,19.3,0.5744047619047619047619047619047619
33.7,2.70,38.6,19.3,0.5727002967359050445103857566765579
33.8,2.80,38.6,19.3,0.5710059171597633136094674556213018
33.9,2.90,38.6,19.3,0.5693215339233038348082595870206490
34.0,3.00,38.6,19.3,0.5676470588235294117647058823529412
34.1,3.10,38.6,19.3,0.5659824046920821114369501466275660
34.2,3.20,38.6,19.3,0.5643274853801169590643274853801170
34.3,3.30,38.6,19.3,0.5626822157434402332361516034985423
34.4,3.40,38.6,19.3,0.5610465116279069767441860465116279
34.5,3.50,38.6,19.3,0.5594202898550724637681159420289855
34.6,3.60,38.6,19.3,0.5578034682080924855491329479768786
34.7,3.70,38.6,19.3,0.5561959654178674351585014409221902
34.8,3.75,38.6,19.3,0.5545977011494252873563218390804598
34.9,3.75,38.6,19.3,0.5530085959885386819484240687679083
35.0,3.75,38.6,19.3,0.5514285714285714285714285714285714
35.1,3.75,38.6,19.3,0.5498575498575498575498575498575499
35.2,3.75,38.6,19.3,0.5482954545454545454545454545454545
35.3,3.75,38.6,19.3,0.5467422096317280453257790368271955
35.4,3.75,38.6,19.3,0.5451977401129943502824858757062147
35.5,3.75,38.6,19.3,0.5436619718309859154929577464788732
35.6,3.75,38.6,19.3,0.5421348314606741573033707865168539
35.7,3.75,38.6,19.3,0.5406162464985994397759103641456583
35.8,3.75,38.6,19.3,0.5391061452513966480446927374301676
35.9,3.75,38.6,19.3,0.5376044568245125348189415041782730
36.0,3.75,38.6,19.3,0.5361111111111111111111111111111111
36.1,3.75,38.6,19.3,0.5346260387811634349030470914127424
36.2,3.75,38.6,19.3,0.5331491712707182320441988950276243
36.3,3.75,38.6,19.3,0.5316804407713498622589531680440771
36.4,3.75,38.6,19.3,0.5302197802197802197802197802197802
36.5,3.75,38.6,19.3,0.5287671232876712328767123287671233
36.6,3.75,38.6,19.3,0.5273224043715846994535519125683060
36.7,3.75,38.6,19.3,0.5258855585831062670299727520435967
36.8,3.75,38.6,19.3,0.5244565217391304347826086956521739
36.9,3.75,38.6,19.3,0.5230352303523035230352303523035230
37.0,3.75,38.6,19.3,0.5216216216216216216216216216216216
37.1,3.75,38.6,19.3,0.5202156334231805929919137466307278
37.2,3.75,38.6,19.3,0.5188172043010752688172043010752688
37.3,3.75,38.6,19.3,0.5174262734584450402144772117962466
37.4,3.75,38.6,19.3,0.5160427807486631016042780748663102
37.5,3.75,38.6,19.3,0.5146666666666666666666666666666667
37.6,3.75,38.6,19.3,0.5132978723404255319148936170212766
37.7,3.75,38.6,19.3,0.5119363395225464190981432360742706
37.8,3.75,38.6,19.3,0.5105820105820105820105820105820106
37.9,3.75,38.6,19.3,0.5092348284960422163588390501319261
38.0,3.75,38.6,19.3,0.5078947368421052631578947368421053
38.1,3.75,38.6,19.3,0.5065616797900262467191601049868766
38.2,3.75,38.6,19.3,0.5052356020942408376963350785340314
38.3,3.75,38.6,19.3,0.5039164490861618798955613577023499
38.4,3.75,38.6,19.3,0.5026041666666666666666666666666667
38.5,3.75,38.6,19.3,0.5012987012987012987012987012987013
38.6,3.75,38.6,19.3,0.5
38.7,3.75,38.6,19.3,0.4987080103359173126614987080103359
38.8,3.75,38.6,19.3,0.4974226804123711340206185567010309
38.9,3.75,38.6,19.3,0.4961439588688946015424164524421594
39.0,3.75,38.6,19.3,0.4948717948717948717948717948717949
39.1,3.75,38.6,19.3,0.4936061381074168797953964194373402
39.2,3.75,38.6,19.3,0.4923469387755102040816326530612245
39.3,3.75,38.6,19.3,0.4910941475826972010178117048346056
39.4,3.75,38.6,19.3,0.4898477157360406091370558375634518
39.5,3.75,38.6,19.3,0.4886075949367088607594936708860759
39.6,3.75,38.6,19.3,0.4873737373737373737373737373737374
39.7,3.75,38.6,19.3,0.4861460957178841309823677581863980
39.8,3.75,38.6,19.3,0.4849246231155778894472361809045226
39.9,3.75,38.6,19.3,0.4837092731829573934837092731829574
40.0,3.75,38.6,19.3,0.4825
40.1,3.75,38.6,19.3,0.4812967581047381546134663341645885
40.2,3.75,38.6,19.3,0.4800995024875621890547263681592040
40.3,3.75,38.6,19.3,0.4789081885856079404466501240694789
40.4,3.75,38.6,19.3,0.4777227722772277227722772277227723
40.5,3.75,38.6,19.3,0.4765432098765432098765432098765432
40.6,3.75,38.6,19.3,0.4753694581280788177339901477832512
40.7,3.75,38.6,19.3,0.4742014742014742014742014742014742
40.8,3.75,38.6,19.3,0.4730392156862745098039215686274510
40.9,3.75,38.6,19.3,0.4718826405867970660146699266503667
41.0,3.75,38.6,19.3,0.4707317073170731707317073170731707
41.1,3.75,38.6,19.3,0.4695863746958637469586374695863747
41.2,3.75,38.6,19.3,0.4684466019417475728155339805825243
41.3,3.75,38.6,19.3,0.4673123486682808716707021791767554
41.4,3.75,38.6,19.3,0.4661835748792270531400966183574879
41.5,3.75,38.6,19.3,0.4650602409638554216867469879518072
41.6,3.75,38.6,19.3,0.4639423076923076923076923076923077
41.7,3.75,38.6,19.3,0.4628297362110311750599520383693046
41.8,3.75,38.6,19.3,0.4617224880382775119617224880382775
41.9,3.75,38.6,19.3,0.4606205250596658711217183770883055
42.0,3.75,38.6,19.3,0.4595238095238095238095238095238095
42.1,3.75,38.6,19.3,0.4584323040380047505938242280285036
42.2,3.75,38.6,19.3,0.4573459715639810426540284360189573
42.3,3.75,38.6,19.3,0.4562647754137115839243498817966903
42.4,3.75,38.6,19.3,0.4551886792452830188679245283018868
42.5,3.75,38.6,19.3,0.4541176470588235294117647058823529
42.6,3.75,38.6,19.3,0.4530516431924882629107981220657277
42.7,3.75,38.6,19.3,0.4519906323185011709601873536299766
42.8,3.75,38.6,19.3,0.4509345794392523364485981308411215
42.9,3.75,38.6,19.3,0.4498834498834498834498834498834499
43.0,3.75,38.6,19.3,0.4488372093023255813953488372093023
43.1,3.75,38.6,19.3,0.4477958236658932714617169373549884
43.2,3.75,38.6,19.3,0.4467592592592592592592592592592593
43.3,3.75,38.6,19.3,0.4457274826789838337182448036951501
43.4,3.75,38.6,19.3,0.4447004608294930875576036866359447
43.5,3.75,38.6,19.3,0.4436781609195402298850574712643678
43.6,3.75,38.6,19.3,0.4426605504587155963302752293577982
43.7,3.75,38.6,19.3,0.4416475972540045766590389016018307
43.8,3.75,38.6,19.3,0.4406392694063926940639269406392694
43.9,3.75,38.6,19.3,0.4396355353075170842824601366742597
44.0,3.75,38.6,19.3,0.4386363636363636363636363636363636
44.1,3.75,38.6,19.3,0.4376417233560090702947845804988662
44.2,3.75,38.6,19.3,0.4366515837104072398190045248868778
44.3,3.75,38.6,19.3,0.4356659142212189616252821670428894
44.4,3.75,38.6,19.3,0.4346846846846846846846846846846847
44.5,3.75,38.6,19.3,0.4337078651685393258426966292134831
44.6,3.75,38.6,19.3,0.4327354260089686098654708520179372
44.7,3.75,38.6,19.3,0.4317673378076062639821029082774049
44.8,3.75,38.6,19.3,0.4308035714285714285714285714285714
44.9,3.75,38.6,19.3,0.4298440979955456570155902004454343
45.0,3.75,38.7,19.35,0.43
45.1,3.75,38.9,19.45,0.4312638580931263858093126385809313
45.2,3.75,39.1,19.55,0.4325221238938053097345132743362832
45.3,3.75,39.3,19.65,0.4337748344370860927152317880794702
45.4,3.75,39.5,19.75,0.4350220264317180616740088105726872
45.5,3.75,39.7,19.85,0.4362637362637362637362637362637363
45.6,3.75,39.9,19.95,0.4375
45.7,3.75,40.1,20.05,0.4387308533916849015317286652078775
45.8,3.75,40.3,20.15,0.4399563318777292576419213973799127
45.9,3.75,40.5,20.25,0.4411764705882352941176470588235294
46.0,3.75,40.7,20.35,0.4423913043478260869565217391304348
46.1,3.75,40.9,20.45,0.4436008676789587852494577006507592
46.2,3.75,41.1,20.55,0.4448051948051948051948051948051948
46.3,3.75,41.3,20.65,0.4460043196544276457883369330453564
46.4,3.75,41.5,20.75,0.4471982758620689655172413793103448
46.5,3.75,41.7,20.85,0.4483870967741935483870967741935484
46.6,3.75,41.9,20.95,0.4495708154506437768240343347639485
46.7,3.75,42.1,21.05,0.4507494646680942184154175588865096
46.8,3.75,42.3,21.15,0.4519230769230769230769230769230769
46.9,3.75,42.5,21.25,0.4530916844349680170575692963752665
47.0,3.75,42.7,21.35,0.4542553191489361702127659574468085
47.1,3.75,42.9,21.45,0.4554140127388535031847133757961783
47.2,3.75,43.1,21.55,0.4565677966101694915254237288135593
47.3,3.75,43.3,21.65,0.4577167019027484143763213530655391
47.4,3.75,43.5,21.75,0.4588607594936708860759493670886076
47.5,3.75,43.7,21.85,0.46
47.6,3.75,43.9,21.95,0.4611344537815126050420168067226891
47.7,3.75,44.1,22.05,0.4622641509433962264150943396226415
47.8,3.75,44.3,22.15,0.4633891213389121338912133891213389
47.9,3.75,44.5,22.25,0.4645093945720250521920668058455115
48.0,3.75,44.7,22.35,0.465625
48.1,3.75,44.9,22.45,0.4667359667359667359667359667359667
48.2,3.75,45.1,22.55,0.4678423236514522821576763485477178
48.3,3.75,45.3,22.65,0.4689440993788819875776397515527950
48.4,3.75,45.5,22.75,0.4700413223140495867768595041322314
48.5,3.75,45.7,22.85,0.4711340206185567010309278350515464
48.6,3.75,45.9,22.95,0.4722222222222222222222222222222222
48.7,3.75,46.1,23.05,0.4733059548254620123203285420944559
48.8,3.75,46.3,23.15,0.4743852459016393442622950819672131
48.9,3.75,46.5,23.25,0.4754601226993865030674846625766871
49.0,3.75,46.7,23.35,0.4765306122448979591836734693877551
49.1,3.75,46.9,23.45,0.4775967413441955193482688391038697
49.2,3.75,47.1,23.55,0.4786585365853658536585365853658537
49.3,3.75,47.3,23.65,0.4797160243407707910750507099391481
49.4,3.75,47.5,23.75,0.4807692307692307692307692307692308
49.5,3.75,47.7,23.85,0.4818181818181818181818181818181818
49.6,3.75,47.9,23.95,0.4828629032258064516129032258064516
49.7,3.75,48.1,24.05,0.4839034205231388329979879275653924
49.8,3.75,48.3,24.15,0.4849397590361445783132530120481928
49.9,3.75,48.5,24.25,0.4859719438877755511022044088176353
50.0,3.75,48.7,24.35,0.487
50.1,3.75,48.9,24.45,0.4880239520958083832335329341317365
50.2,3.75,49.1,24.55,0.4890438247011952191235059760956175
50.3,3.75,49.3,24.65,0.4900596421471172962226640159045726
50.4,3.75,49.5,24.75,0.4910714285714285714285714285714286
50.5,3.75,49.7,24.85,0.4920792079207920792079207920792079
50.6,3.75,49.9,24.95,0.4930830039525691699604743083003953
50.7,3.75,50.1,25.05,0.4940828402366863905325443786982249
50.8,3.75,50.3,25.15,0.4950787401574803149606299212598425
50.9,3.75,50.5,25.25,0.4960707269155206286836935166994106
51.0,3.75,50.7,25.35,0.4970588235294117647058823529411765
51.1,3.75,50.9,25.45,0.4980430528375733855185909980430528
51.2,3.75,51.1,25.55,0.4990234375
51.3,3.75,51.3,25.65,0.5
51.4,3.75,51.5,25.75,0.5009727626459143968871595330739300
51.5,3.75,51.7,25.85,0.5019417475728155339805825242718447
51.6,3.75,51.9,25.95,0.5029069767441860465116279069767442
51.7,3.75,52.1,26.05,0.5038684719535783365570599613152805
51.8,3.75,52.3,26.15,0.5048262548262548262548262548262548
51.9,3.75,52.5,26.25,0.5057803468208092485549132947976879
52.0,3.75,52.7,26.35,0.5067307692307692307692307692307692
52.1,3.75,52.9,26.45,0.5076775431861804222648752399232246
52.2,3.75,53.1,26.55,0.5086206896551724137931034482758621
52.3,3.75,53.3,26.65,0.5095602294455066921606118546845124
52.4,3.75,53.5,26.75,0.5104961832061068702290076335877863
52.5,3.75,53.7,26.85,0.5114285714285714285714285714285714
52.6,3.75,53.9,26.95,0.5123574144486692015209125475285171
52.7,3.75,54.1,27.05,0.5132827324478178368121442125237192
52.8,3.75,54.3,27.15,0.5142045454545454545454545454545455
52.9,3.75,54.5,27.25,0.5151228733459357277882797731568998
53.0,3.75,54.7,27.35,0.5160377358490566037735849056603774
53.1,3.75,54.9,27.45,0.5169491525423728813559322033898305
53.2,3.75,55.1,27.55,0.5178571428571428571428571428571429
53.3,3.75,55.3,27.65,0.5187617260787992495309568480300188
53.4,3.75,55.5,27.75,0.5196629213483146067415730337078652
53.5,3.75,55.7,27.85,0.5205607476635514018691588785046729
53.6,3.75,55.9,27.95,0.5214552238805970149253731343283582
53.7,3.75,56.1,28.05,0.5223463687150837988826815642458101
53.8,3.75,56.3,28.15,0.5232342007434944237918215613382900
53.9,3.75,56.5,28.25,0.5241187384044526901669758812615955
54.0,3.75,56.7,28.35,0.525
54.1,3.75,56.9,28.45,0.5258780036968576709796672828096118
54.2,3.75,57.1,28.55,0.5267527675276752767527675276752768
54.3,3.75,57.3,28.65,0.5276243093922651933701657458563536
54.4,3.75,57.5,28.75,0.5284926470588235294117647058823529
54.5,3.75,57.7,28.85,0.5293577981651376146788990825688073
54.6,3.75,57.9,28.95,0.5302197802197802197802197802197802
54.7,3.75,58.1,29.05,0.5310786106032906764168190127970750
54.8,3.80,58.2,29.1,0.5310218978102189781021897810218978
54.9,3.90,58.2,29.1,0.5300546448087431693989071038251366
55.0,4.00,58.2,29.1,0.5290909090909090909090909090909091
55.1,4.10,58.2,29.1,0.5281306715063520871143375680580762
55.2,4.20,58.2,29.1,0.5271739130434782608695652173913043
55.3,4.30,58.2,29.1,0.5262206148282097649186256781193490
55.4,4.40,58.2,29.1,0.5252707581227436823104693140794224
55.5,4.50,58.2,29.1,0.5243243243243243243243243243243243
55.6,4.60,58.2,29.1,0.5233812949640287769784172661870504
55.7,4.70,58.2,29.1,0.5224416517055655296229802513464991
55.8,4.80,58.2,29.1,0.5215053763440860215053763440860215
55.9,4.90,58.2,29.1,0.5205724508050089445438282647584973
56.0,5.00,58.2,29.1,0.5196428571428571428571428571428571
56.1,5.05,58.2,29.1,0.5187165775401069518716577540106952
56.2,5.05,58.2,29.1,0.5177935943060498220640569395017794
56.3,5.05,58.2,29.1,0.5168738898756660746003552397868561
56.4,5.05,58.2,29.1,0.5159574468085106382978723404255319
56.5,5.05,58.2,29.1,0.5150442477876106194690265486725664
56.6,5.05,58.2,29.1,0.5141342756183745583038869257950530
56.7,5.05,58.2,29.1,0.5132275132275132275132275132275132
56.8,5.05,58.2,29.1,0.5123239436619718309859154929577465
56.9,5.05,58.2,29.1,0.5114235500878734622144112478031634
57.0,5.05,58.2,29.1,0.5105263157894736842105263157894737
57.1,5.05,58.2,29.1,0.5096322241681260945709281961471103
57.2,5.05,58.2,29.1,0.5087412587412587412587412587412587
57.3,5.05,58.2,29.1,0.5078534031413612565445026178010471
57.4,5.05,58.2,29.1,0.5069686411149825783972125435540070
57.5,5.05,58.2,29.1,0.5060869565217391304347826086956522
57.6,5.05,58.2,29.1,0.5052083333333333333333333333333333
57.7,5.05,58.2,29.1,0.5043327556325823223570190641247834
57.8,5.05,58.2,29.1,0.5034602076124567474048442906574394
57.9,5.05,58.2,29.1,0.5025906735751295336787564766839378
58.0,5.05,58.2,29.1,0.5017241379310344827586206896551724
58.1,5.05,58.2,29.1,0.5008605851979345955249569707401033
58.2,5.05,58.2,29.1,0.5
58.3,5.05,58.2,29.1,0.4991423670668953687821612349914237
58.4,5.05,58.2,29.1,0.4982876712328767123287671232876712
58.5,5.05,58.2,29.1,0.4974358974358974358974358974358974
58.6,5.05,58.2,29.1,0.4965870307167235494880546075085324
58.7,5.05,58.2,29.1,0.4957410562180579216354344122657581
58.8,5.05,58.2,29.1,0.4948979591836734693877551020408163
58.9,5.05,58.2,29.1,0.4940577249575551782682512733446520
59.0,5.05,58.2,29.1,0.4932203389830508474576271186440678
59.1,5.05,58.2,29.1,0.4923857868020304568527918781725888
59.2,5.05,58.2,29.1,0.4915540540540540540540540540540541
59.3,5.05,58.2,29.1,0.4907251264755480607082630691399663
59.4,5.05,58.2,29.1,0.4898989898989898989898989898989899
59.5,5.05,58.2,29.1,0.4890756302521008403361344537815126
59.6,5.05,58.2,29.1,0.4882550335570469798657718120805369
59.7,5.05,58.2,29.1,0.4874371859296482412060301507537688
59.8,5.05,58.2,29.1,0.4866220735785953177257525083612040
59.9,5.05,58.2,29.1,0.4858096828046744574290484140233723
60.0,5.05,58.2,29.1,0.485
60.1,5.05,58.2,29.1,0.4841930116472545757071547420965058
60.2,5.05,58.2,29.1,0.4833887043189368770764119601328904
60.3,5.05,58.2,29.1,0.4825870646766169154228855721393035
60.4,5.05,58.2,29.1,0.4817880794701986754966887417218543
60.5,5.05,58.2,29.1,0.4809917355371900826446280991735537
60.6,5.05,58.2,29.1,0.4801980198019801980198019801980198
60.7,5.05,58.2,29.1,0.4794069192751235584843492586490939
60.8,5.05,58.2,29.1,0.4786184210526315789473684210526316
60.9,5.05,58.2,29.1,0.4778325123152709359605911330049261
61.0,5.05,58.2,29.1,0.4770491803278688524590163934426230
61.1,5.05,58.2,29.1,0.4762684124386252045826513911620295
61.2,5.05,58.2,29.1,0.4754901960784313725490196078431373
61.3,5.05,58.2,29.1,0.4747145187601957585644371941272431
61.4,5.05,58.2,29.1,0.4739413680781758957654723127035831
61.5,5.05,58.2,29.1,0.4731707317073170731707317073170732
61.6,5.05,58.2,29.1,0.4724025974025974025974025974025974
61.7,5.05,58.2,29.1,0.4716369529983792544570502431118314
61.8,5.05,58.2,29.1,0.4708737864077669902912621359223301
61.9,5.05,58.2,29.1,0.4701130856219709208400646203554120
62.0,5.05,58.2,29.1,0.4693548387096774193548387096774194
62.1,5.05,58.2,29.1,0.4685990338164251207729468599033816
62.2,5.05,58.2,29.1,0.4678456591639871382636655948553055
62.3,5.05,58.2,29.1,0.4670947030497592295345104333868379
62.4,5.05,58.2,29.1,0.4663461538461538461538461538461538
62.5,5.05,58.2,29.1,0.4656
62.6,5.05,58.2,29.1,0.4648562300319488817891373801916933
62.7,5.05,58.2,29.1,0.4641148325358851674641148325358852
62.8,5.05,58.2,29.1,0.4633757961783439490445859872611465
62.9,5.05,58.2,29.1,0.4626391096979332273449920508744038
63.0,5.05,58.2,29.1,0.4619047619047619047619047619047619
63.1,5.05,58.2,29.1,0.4611727416798732171156893819334390
63.2,5.05,58.2,29.1,0.4604430379746835443037974683544304
63.3,5.05,58.2,29.1,0.4597156398104265402843601895734597
63.4,5.05,58.2,29.1,0.4589905362776025236593059936908517
63.5,5.05,58.2,29.1,0.4582677165354330708661417322834646
63.6,5.05,58.2,29.1,0.4575471698113207547169811320754717
63.7,5.05,58.2,29.1,0.4568288854003139717425431711145997
63.8,5.05,58.2,29.1,0.4561128526645768025078369905956113
63.9,5.05,58.2,29.1,0.4553990610328638497652582159624413
64.0,5.05,58.2,29.1,0.4546875
64.1,5.05,58.2,29.1,0.4539781591263650546021840873634945
64.2,5.05,58.2,29.1,0.4532710280373831775700934579439252
64.3,5.05,58.2,29.1,0.4525660964230171073094867807153966
64.4,5.05,58.2,29.1,0.4518633540372670807453416149068323
64.5,5.05,58.2,29.1,0.4511627906976744186046511627906977
64.6,5.05,58.2,29.1,0.4504643962848297213622291021671827
64.7,5.05,58.2,29.1,0.4497681607418856259659969088098918
64.8,5.05,58.2,29.1,0.4490740740740740740740740740740741
64.9,5.05,58.2,29.1,0.4483821263482280431432973805855162
65.0,5.05,58.2,29.1,0.4476923076923076923076923076923077
65.1,5.05,58.2,29.1,0.4470046082949308755760368663594470
65.2,5.05,58.2,29.1,0.4463190184049079754601226993865031
65.3,5.05,58.2,29.1,0.4456355283307810107197549770290965
65.4,5.05,58.2,29.1,0.4449541284403669724770642201834862
65.5,5.05,58.2,29.1,0.4442748091603053435114503816793893
65.6,5.05,58.2,29.1,0.4435975609756097560975609756097561
65.7,5.05,58.2,29.1,0.4429223744292237442922374429223744
65.8,5.05,58.2,29.1,0.4422492401215805471124620060790274
65.9,5.05,58.2,29.1,0.4415781487101669195751138088012140
66.0,5.05,58.2,29.1,0.4409090909090909090909090909090909
66.1,5.05,58.2,29.1,0.4402420574886535552193645990922844
66.2,5.05,58.2,29.1,0.4395770392749244712990936555891239
66.3,5.05,58.2,29.1,0.4389140271493212669683257918552036
66.4,5.05,58.2,29.1,0.4382530120481927710843373493975904
66.5,5.05,58.2,29.1,0.4375939849624060150375939849624060
66.6,5.05,58.2,29.1,0.4369369369369369369369369369369369
66.7,5.05,58.2,29.1,0.4362818590704647676161919040479760
66.8,5.05,58.2,29.1,0.4356287425149700598802395209580838
66.9,5.05,58.2,29.1,0.4349775784753363228699551569506726
67.0,5.05,58.2,29.1,0.4343283582089552238805970149253731
67.1,5.05,58.2,29.1,0.4336810730253353204172876304023845
67.2,5.05,58.2,29.1,0.4330357142857142857142857142857143
67.3,5.05,58.2,29.1,0.4323922734026745913818722139673105
67.4,5.05,58.2,29.1,0.4317507418397626112759643916913947
67.5,5.05,58.2,29.1,0.4311111111111111111111111111111111
67.6,5.05,58.2,29.1,0.4304733727810650887573964497041420
67.7,5.05,58.2,29.1,0.4298375184638109305760709010339734
67.8,5.05,58.2,29.1,0.4292035398230088495575221238938053
67.9,5.05,58.2,29.1,0.4285714285714285714285714285714286
68.0,5.05,58.2,29.1,0.4279411764705882352941176470588235
68.1,5.05,58.2,29.1,0.4273127753303964757709251101321586
68.2,5.05,58.2,29.1,0.4266862170087976539589442815249267
68.3,5.05,58.2,29.1,0.4260614934114202049780380673499268
68.4,5.05,58.2,29.1,0.4254385964912280701754385964912281
68.5,5.05,58.2,29.1,0.4248175182481751824817518248175182
68.6,5.05,58.2,29.1,0.4241982507288629737609329446064140
68.7,5.05,58.2,29.1,0.4235807860262008733624454148471616
68.8,5.05,58.2,29.1,0.4229651162790697674418604651162791
68.9,5.05,58.2,29.1,0.4223512336719883889695210449927431
69.0,5.05,58.2,29.1,0.4217391304347826086956521739130435
69.1,5.05,58.2,29.1,0.4211287988422575976845151953690304
69.2,5.05,58.2,29.1,0.4205202312138728323699421965317919
69.3,5.05,58.2,29.1,0.4199134199134199134199134199134199
69.4,5.05,58.2,29.1,0.4193083573487031700288184438040346
69.5,5.05,58.2,29.1,0.4187050359712230215827338129496403
69.6,5.05,58.2,29.1,0.4181034482758620689655172413793103
69.7,5.05,58.2,29.1,0.4175035868005738880918220946915352
69.8,5.05,58.2,29.1,0.4169054441260744985673352435530086
69.9,5.05,58.2,29.1,0.4163090128755364806866952789699571
70.0,5.05,58.2,29.1,0.4157142857142857142857142857142857
70.1,5.05,58.2,29.1,0.4151212553495007132667617689015692
70.2,5.05,58.2,29.1,0.4145299145299145299145299145299145
70.3,5.05,58.2,29.1,0.4139402560455192034139402560455192
70.4,5.05,58.2,29.1,0.4133522727272727272727272727272727
70.5,5.05,58.2,29.1,0.4127659574468085106382978723404255
70.6,5.05,58.2,29.1,0.4121813031161473087818696883852691
70.7,5.05,58.2,29.1,0.4115983026874115983026874115983027
70.8,5.05,58.2,29.1,0.4110169491525423728813559322033898
70.9,5.05,58.2,29.1,0.4104372355430183356840620592383639
71.0,5.05,58.2,29.1,0.4098591549295774647887323943661972
71.1,5.05,58.2,29.1,0.4092827004219409282700421940928270
71.2,5.05,58.2,29.1,0.4087078651685393258426966292134831
71.3,5.05,58.2,29.1,0.4081346423562412342215988779803647
71.4,5.05,58.2,29.1,0.4075630252100840336134453781512605
71.5,5.05,58.3,29.15,0.4076923076923076923076923076923077
71.6,5.05,58.5,29.25,0.4085195530726256983240223463687151
71.7,5.05,58.7,29.35,0.4093444909344490934449093444909344
71.8,5.05,58.9,29.45,0.4101671309192200557103064066852368
71.9,5.05,59.1,29.55,0.4109874826147426981919332406119611
72.0,5.05,59.3,29.65,0.4118055555555555555555555555555556
72.1,5.05,59.5,29.75,0.4126213592233009708737864077669903
72.2,5.05,59.7,29.85,0.4134349030470914127423822714681440
72.3,5.05,59.9,29.95,0.4142461964038727524204702627939142
72.4,5.05,60.1,30.05,0.4150552486187845303867403314917127
72.5,5.05,60.3,30.15,0.4158620689655172413793103448275862
72.6,5.05,60.5,30.25,0.4166666666666666666666666666666667
72.7,5.05,60.7,30.35,0.4174690508940852819807427785419532
72.8,5.05,60.9,30.45,0.4182692307692307692307692307692308
72.9,5.05,61.1,30.55,0.4190672153635116598079561042524005
73.0,5.05,61.3,30.65,0.4198630136986301369863013698630137
73.1,5.05,61.5,30.75,0.4206566347469220246238030095759234
73.2,5.05,61.7,30.85,0.4214480874316939890710382513661202
73.3,5.05,61.9,30.95,0.4222373806275579809004092769440655
73.4,5.05,62.1,31.05,0.4230245231607629427792915531335150
73.5,5.05,62.3,31.15,0.4238095238095238095238095238095238
73.6,5.05,62.5,31.25,0.4245923913043478260869565217391304
73.7,5.05,62.7,31.35,0.4253731343283582089552238805970149
73.8,5.05,62.9,31.45,0.4261517615176151761517615176151762
73.9,5.05,63.1,31.55,0.4269282814614343707713125845737483
74.0,5.05,63.3,31.65,0.4277027027027027027027027027027027
74.1,5.05,63.5,31.75,0.4284750337381916329284750337381916
74.2,5.05,63.7,31.85,0.4292452830188679245283018867924528
74.3,5.05,63.9,31.95,0.4300134589502018842530282637954240
74.4,5.05,64.1,32.05,0.4307795698924731182795698924731183
74.5,5.05,64.3,32.15,0.4315436241610738255033557046979866
74.6,5.05,64.5,32.25,0.4323056300268096514745308310991957
74.7,5.05,64.7,32.35,0.4330655957161981258366800535475234
74.8,5.05,64.9,32.45,0.4338235294117647058823529411764706
74.9,5.05,65.1,32.55,0.4345794392523364485981308411214953
75.0,5.05,65.3,32.65,0.4353333333333333333333333333333333
75.1,5.05,65.5,32.75,0.4360852197070572569906790945406125
75.2,5.05,65.7,32.85,0.4368351063829787234042553191489362
75.3,5.05,65.9,32.95,0.4375830013280212483399734395750332
75.4,5.05,66.1,33.05,0.4383289124668435013262599469496021
75.5,5.05,66.3,33.15,0.4390728476821192052980132450331126
75.6,5.05,66.5,33.25,0.4398148148148148148148148148148148
75.7,5.05,66.7,33.35,0.4405548216644649933949801849405548
75.8,5.05,66.9,33.45,0.4412928759894459102902374670184697
75.9,5.05,67.1,33.55,0.4420289855072463768115942028985507
76.0,5.05,67.3,33.65,0.4427631578947368421052631578947368
76.1,5.05,67.5,33.75,0.4434954007884362680683311432325887
76.2,5.05,67.7,33.85,0.4442257217847769028871391076115486
76.3,5.05,67.9,33.95,0.4449541284403669724770642201834862
76.4,5.05,68.1,34.05,0.4456806282722513089005235602094241
76.5,5.05,68.3,34.15,0.4464052287581699346405228758169935
76.6,5.05,68.5,34.25,0.4471279373368146214099216710182768
76.7,5.05,68.7,34.35,0.4478487614080834419817470664928292
76.8,5.05,68.9,34.45,0.4485677083333333333333333333333333
76.9,5.05,69.1,34.55,0.4492847854356306892067620286085826
77.0,5.05,69.3,34.65,0.45
77.1,5.05,69.5,34.75,0.4507133592736705577172503242542153
77.2,5.05,69.7,34.85,0.4514248704663212435233160621761658
77.3,5.05,69.9,34.95,0.4521345407503234152652005174644243
77.4,5.05,70.1,35.05,0.4528423772609819121447028423772610
77.5,5.05,70.3,35.15,0.4535483870967741935483870967741935
77.6,5.05,70.5,35.25,0.4542525773195876288659793814432990
77.7,5.05,70.7,35.35,0.4549549549549549549549549549549550
77.8,5.05,70.9,35.45,0.4556555269922879177377892030848329
77.9,5.05,71.1,35.55,0.4563543003851091142490372272143774
78.0,5.05,71.3,35.65,0.4570512820512820512820512820512821
78.1,5.05,71.5,35.75,0.4577464788732394366197183098591549
78.2,5.05,71.7,35.85,0.4584398976982097186700767263427110
78.3,5.05,71.9,35.95,0.4591315453384418901660280970625798
78.4,5.05,72.1,36.05,0.4598214285714285714285714285714286
78.5,5.05,72.3,36.15,0.4605095541401273885350318471337580
78.6,5.05,72.5,36.25,0.4611959287531806615776081424936387
78.7,5.05,72.7,36.35,0.4618805590851334180432020330368488
78.8,5.05,72.9,36.45,0.4625634517766497461928934010152284
78.9,5.05,73.1,36.55,0.4632446134347275031685678073510773
79.0,5.05,73.3,36.65,0.4639240506329113924050632911392405
79.1,5.05,73.5,36.75,0.4646017699115044247787610619469027
79.2,5.05,73.7,36.85,0.4652777777777777777777777777777778
79.3,5.05,73.9,36.95,0.4659520807061790668348045397225725
79.4,5.05,74.1,37.05,0.4666246851385390428211586901763224
79.5,5.05,74.3,37.15,0.4672955974842767295597484276729560
79.6,5.05,74.5,37.25,0.4679648241206030150753768844221106
79.7,5.05,74.7,37.35,0.4686323713927227101631116687578419
79.8,5.05,74.9,37.45,0.4692982456140350877192982456140351
79.9,5.05,75.1,37.55,0.4699624530663329161451814768460576
80.0,5.05,75.3,37.65,0.470625
80.1,5.05,75.5,37.75,0.4712858926342072409488139825218477
80.2,5.05,75.7,37.85,0.4719451371571072319201995012468828
80.3,5.05,75.9,37.95,0.4726027397260273972602739726027397
80.4,5.05,76.1,38.05,0.4732587064676616915422885572139303
80.5,5.05,76.3,38.15,0.4739130434782608695652173913043478
80.6,5.05,76.5,38.25,0.4745657568238213399503722084367246
80.7,5.05,76.7,38.35,0.4752168525402726146220570012391574
80.8,5.05,76.9,38.45,0.4758663366336633663366336633663366
80.9,5.05,77.1,38.55,0.4765142150803461063040791100123609
81.0,5.05,77.3,38.65,0.4771604938271604938271604938271605
81.1,5.10,77.4,38.7,0.4771886559802712700369913686806412
81.2,5.20,77.4,38.7,0.4766009852216748768472906403940887
81.3,5.30,77.4,38.7,0.4760147601476014760147601476014760
81.4,5.40,77.4,38.7,0.4754299754299754299754299754299754
81.5,5.50,77.4,38.7,0.4748466257668711656441717791411043
81.6,5.60,77.4,38.7,0.4742647058823529411764705882352941
81.7,5.70,77.4,38.7,0.4736842105263157894736842105263158
81.8,5.80,77.4,38.7,0.4731051344743276283618581907090465
81.9,5.90,77.4,38.7,0.4725274725274725274725274725274725
82.0,6.00,77.4,38.7,0.4719512195121951219512195121951220
82.1,6.10,77.4,38.7,0.4713763702801461632155907429963459
82.2,6.20,77.4,38.7,0.4708029197080291970802919708029197
82.3,6.30,77.4,38.7,0.4702308626974483596597812879708384
82.4,6.40,77.4,38.7,0.4696601941747572815533980582524272
82.5,6.50,77.4,38.7,0.4690909090909090909090909090909091
82.6,6.60,77.4,38.7,0.4685230024213075060532687651331719
82.7,6.70,77.4,38.7,0.4679564691656590084643288996372430
82.8,6.80,77.4,38.7,0.4673913043478260869565217391304348
82.9,6.90,77.4,38.7,0.4668275030156815440289505428226779
83.0,6.95,77.4,38.7,0.4662650602409638554216867469879518
83.1,6.95,77.4,38.7,0.4657039711191335740072202166064982
83.2,6.95,77.4,38.7,0.4651442307692307692307692307692308
83.3,6.95,77.4,38.7,0.4645858343337334933973589435774310
83.4,6.95,77.4,38.7,0.4640287769784172661870503597122302
83.5,6.95,77.4,38.7,0.4634730538922155688622754491017964
83.6,6.95,77.4,38.7,0.4629186602870813397129186602870813
83.7,6.95,77.4,38.7,0.4623655913978494623655913978494624
83.8,6.95,77.4,38.7,0.4618138424821002386634844868735084
83.9,6.95,77.4,38.7,0.4612634088200238379022646007151371
84.0,6.95,77.4,38.7,0.4607142857142857142857142857142857
84.1,6.95,77.4,38.7,0.4601664684898929845422116527942925
84.2,6.95,77.4,38.7,0.4596199524940617577197149643705463
84.3,6.95,77.4,38.7,0.4590747330960854092526690391459075
84.4,6.95,77.4,38.7,0.4585308056872037914691943127962085
84.5,6.95,77.4,38.7,0.4579881656804733727810650887573964
84.6,6.95,77.4,38.7,0.4574468085106382978723404255319149
84.7,6.95,77.4,38.7,0.4569067296340023612750885478158205
84.8,6.95,77.4,38.7,0.4563679245283018867924528301886792
84.9,6.95,77.4,38.7,0.4558303886925795053003533568904594
85.0,6.95,77.4,38.7,0.4552941176470588235294117647058824
85.1,6.95,77.4,38.7,0.4547591069330199764982373678025852
85.2,6.95,77.4,38.7,0.4542253521126760563380281690140845
85.3,6.95,77.4,38.7,0.4536928487690504103165298944900352
85.4,6.95,77.4,38.7,0.4531615925058548009367681498829040
85.5,6.95,77.4,38.7,0.4526315789473684210526315789473684
85.6,6.95,77.4,38.7,0.4521028037383177570093457943925234
85.7,6.95,77.4,38.7,0.4515752625437572928821470245040840
85.8,6.95,77.4,38.7,0.4510489510489510489510489510489510
85.9,6.95,77.4,38.7,0.4505238649592549476135040745052386
86.0,6.95,77.4,38.7,0.45
86.1,6.95,77.4,38.7,0.4494773519163763066202090592334495
86.2,6.95,77.4,38.7,0.4489559164733178654292343387470998
86.3,6.95,77.4,38.7,0.4484356894553881807647740440324450
86.4,6.95,77.4,38.7,0.4479166666666666666666666666666667
86.5,6.95,77.4,38.7,0.4473988439306358381502890173410405
86.6,6.95,77.4,38.7,0.4468822170900692840646651270207852
86.7,6.95,77.4,38.7,0.4463667820069204152249134948096886
86.8,6.95,77.4,38.7,0.4458525345622119815668202764976959
86.9,6.95,77.4,38.7,0.4453394706559263521288837744533947
87.0,6.95,77.4,38.7,0.4448275862068965517241379310344828
87.1,6.95,77.4,38.7,0.4443168771526980482204362801377727
87.2,6.95,77.4,38.7,0.4438073394495412844036697247706422
87.3,6.95,77.4,38.7,0.4432989690721649484536082474226804
87.4,6.95,77.4,38.7,0.4427917620137299771167048054919908
87.5,6.95,77.4,38.7,0.4422857142857142857142857142857143
87.6,6.95,77.4,38.7,0.4417808219178082191780821917808219
87.7,6.95,77.4,38.7,0.4412770809578107183580387685290764
87.8,6.95,77.4,38.7,0.4407744874715261958997722095671982
87.9,6.95,77.4,38.7,0.4402730375426621160409556313993174
88.0,6.95,77.4,38.7,0.4397727272727272727272727272727273
88.1,6.95,77.4,38.7,0.4392735527809307604994324631101022
88.2,6.95,77.4,38.7,0.4387755102040816326530612244897959
88.3,6.95,77.4,38.7,0.4382785956964892412231030577576444
88.4,6.95,77.4,38.7,0.4377828054298642533936651583710407
88.5,6.95,77.4,38.7,0.4372881355932203389830508474576271
88.6,6.95,77.4,38.7,0.4367945823927765237020316027088036
88.7,6.95,77.4,38.7,0.4363021420518602029312288613303269
88.8,6.95,77.4,38.7,0.4358108108108108108108108108108108
88.9,6.95,77.4,38.7,0.4353205849268841394825646794150731
89.0,6.95,77.4,38.7,0.4348314606741573033707865168539326
89.1,6.95,77.4,38.7,0.4343434343434343434343434343434343
89.2,6.95,77.4,38.7,0.4338565022421524663677130044843049
89.3,6.95,77.4,38.7,0.4333706606942889137737961926091825
89.4,6.95,77.4,38.7,0.4328859060402684563758389261744966
89.5,6.95,77.4,38.7,0.4324022346368715083798882681564246
89.6,6.95,77.4,38.7,0.4319196428571428571428571428571429
89.7,6.95,77.4,38.7,0.4314381270903010033444816053511706
89.8,6.95,77.4,38.7,0.4309576837416481069042316258351893
89.9,6.95,77.4,38.7,0.4304783092324805339265850945494994
90.0,6.95,77.4,38.7,0.43
90.1,6.95,77.4,38.7,0.4295227524972253052164261931187569
90.2,6.95,77.4,38.7,0.4290465631929046563192904656319290
90.3,6.95,77.4,38.7,0.4285714285714285714285714285714286
90.4,6.95,77.4,38.7,0.4280973451327433628318584070796460
90.5,6.95,77.4,38.7,0.4276243093922651933701657458563536
90.6,6.95,77.4,38.7,0.4271523178807947019867549668874172
90.7,6.95,77.4,38.7,0.4266813671444321940463065049614112
90.8,6.95,77.4,38.7,0.4262114537444933920704845814977974
90.9,6.95,77.4,38.7,0.4257425742574257425742574257425743
91.0,6.95,77.4,38.7,0.4252747252747252747252747252747253
91.1,6.95,77.4,38.7,0.4248079034028540065861690450054885
91.2,6.95,77.4,38.7,0.4243421052631578947368421052631579
91.3,6.95,77.4,38.7,0.4238773274917853231106243154435926
91.4,6.95,77.4,38.7,0.4234135667396061269146608315098468
91.5,6.95,77.4,38.7,0.4229508196721311475409836065573770
91.6,6.95,77.4,38.7,0.4224890829694323144104803493449782
91.7,6.95,77.4,38.7,0.4220283533260632497273718647764449
91.8,6.95,77.4,38.7,0.4215686274509803921568627450980392
91.9,6.95,77.4,38.7,0.4211099020674646354733405875952122
92.0,6.95,77.4,38.7,0.4206521739130434782608695652173913
92.1,6.95,77.4,38.7,0.4201954397394136807817589576547231
92.2,6.95,77.4,38.7,0.4197396963123644251626898047722343
92.3,6.95,77.4,38.7,0.4192849404117009750812567713976165
92.4,6.95,77.4,38.7,0.4188311688311688311688311688311688
92.5,6.95,77.4,38.7,0.4183783783783783783783783783783784
92.6,6.95,77.4,38.7,0.4179265658747300215982721382289417
92.7,6.95,77.4,38.7,0.4174757281553398058252427184466019
92.8,6.95,77.4,38.7,0.4170258620689655172413793103448276
92.9,6.95,77.4,38.7,0.4165769644779332615715823466092573
93.0,6.95,77.4,38.7,0.4161290322580645161290322580645161
93.1,6.95,77.4,38.7,0.4156820622986036519871106337271751
93.2,6.95,77.4,38.7,0.4152360515021459227467811158798283
93.3,6.95,77.4,38.7,0.4147909967845659163987138263665595
93.4,6.95,77.4,38.7,0.4143468950749464668094218415417559
93.5,6.95,77.4,38.7,0.4139037433155080213903743315508021
93.6,6.95,77.4,38.7,0.4134615384615384615384615384615385
93.7,6.95,77.4,38.7,0.4130202774813233724653148345784418
93.8,6.95,77.4,38.7,0.4125799573560767590618336886993603
93.9,6.95,77.4,38.7,0.4121405750798722044728434504792332
94.0,6.95,77.4,38.7,0.4117021276595744680851063829787234
94.1,6.95,77.4,38.7,0.4112646121147715196599362380446334
94.2,7.00,77.4,38.7,0.4108280254777070063694267515923567
94.3,7.05,77.4,38.7,0.4103923647932131495227995758218452
94.4,7.05,77.4,38.7,0.4099576271186440677966101694915254
94.5,7.05,77.4,38.7,0.4095238095238095238095238095238095
94.6,7.05,77.4,38.7,0.4090909090909090909090909090909091
94.7,7.05,77.4,38.7,0.4086589229144667370644139387539599
94.8,7.05,77.4,38.7,0.4082278481012658227848101265822785
94.9,7.05,77.4,38.7,0.4077976817702845100105374077976818
95.0,7.05,77.4,38.7,0.4073684210526315789473684210526316
95.1,7.05,77.4,38.7,0.4069400630914826498422712933753943
95.2,7.05,77.4,38.7,0.4065126050420168067226890756302521
95.3,7.05,77.4,38.7,0.4060860440713536201469045120671563
95.4,7.05,77.4,38.7,0.4056603773584905660377358490566038
95.5,7.05,77.4,38.7,0.4052356020942408376963350785340314
95.6,7.05,77.4,38.7,0.4048117154811715481171548117154812
95.7,7.05,77.4,38.7,0.4043887147335423197492163009404389
95.8,7.05,77.4,38.7,0.4039665970772442588726513569937370
95.9,7.05,77.4,38.7,0.4035453597497393117831074035453597
96.0,7.05,77.4,38.7,0.403125
96.1,7.05,77.4,38.7,0.4027055150884495317377731529656608
96.2,7.05,77.4,38.7,0.4022869022869022869022869022869023
96.3,7.05,77.4,38.7,0.4018691588785046728971962616822430
96.4,7.05,77.4,38.7,0.4014522821576763485477178423236515
96.5,7.05,77.4,38.7,0.4010362694300518134715025906735751
96.6,7.05,77.4,38.7,0.4006211180124223602484472049689441
96.7,7.05,77.4,38.7,0.4002068252326783867631851085832472
96.8,7.05,77.4,38.7,0.3997933884297520661157024793388430
96.9,7.05,77.4,38.7,0.3993808049535603715170278637770898
97.0,7.05,77.4,38.7,0.3989690721649484536082474226804124
97.1,7.05,77.4,38.7,0.3985581874356333676622039134912461
97.2,7.05,77.4,38.7,0.3981481481481481481481481481481481
97.3,7.05,77.4,38.7,0.3977389516957862281603288797533402
97.4,7.05,77.4,38.7,0.3973305954825462012320328542094456
97.5,7.05,77.4,38.7,0.3969230769230769230769230769230769
97.6,7.05,77.4,38.7,0.3965163934426229508196721311475410
97.7,7.05,77.4,38.7,0.3961105424769703172978505629477994
97.8,7.05,77.4,38.7,0.3957055214723926380368098159509202
97.9,7.05,77.4,38.7,0.3953013278855975485188968335035751
98.0,7.05,77.4,38.7,0.3948979591836734693877551020408163
98.1,7.05,77.4,38.7,0.3944954128440366972477064220183486
98.2,7.05,77.4,38.7,0.3940936863543788187372708757637475
98.3,7.05,77.4,38.7,0.3936927772126144455747711088504578
98.4,7.05,77.4,38.7,0.3932926829268292682926829268292683
98.5,7.05,77.4,38.7,0.3928934010152284263959390862944162
98.6,7.05,77.4,38.7,0.3924949290060851926977687626774848
98.7,7.05,77.4,38.7,0.3920972644376899696048632218844985
98.8,7.05,77.4,38.7,0.3917004048582995951417004048582996
98.9,7.05,77.4,38.7,0.3913043478260869565217391304347826
99.0,7.05,77.4,38.7,0.3909090909090909090909090909090909
99.1,7.05,77.4,38.7,0.3905146316851664984863773965691221
99.2,7.05,77.4,38.7,0.3901209677419354838709677419354839
99.3,7.05,77.4,38.7,0.3897280966767371601208459214501511
99.4,7.05,77.4,38.7,0.3893360160965794768611670020120724
99.5,7.05,77.4,38.7,0.3889447236180904522613065326633166
99.6,7.05,77.4,38.7,0.3885542168674698795180722891566265
99.7,7.05,77.4,38.7,0.3881644934804413239719157472417252
99.8,7.05,77.4,38.7,0.3877755511022044088176352705410822
99.9,7.05,77.4,38.7,0.3873873873873873873873873873873874
100.0,7.05,77.4,38.7,0.387
100.1,7.05,77.4,38.7,0.3866133866133866133866133866133866
100.2,7.05,77.4,38.7,0.3862275449101796407185628742514970
100.3,7.05,77.4,38.7,0.3858424725822532402791625124626122
100.4,7.05,77.4,38.7,0.3854581673306772908366533864541833
100.5,7.05,77.4,38.7,0.3850746268656716417910447761194030
100.6,7.05,77.4,38.7,0.3846918489065606361829025844930417
100.7,7.05,77.4,38.7,0.3843098311817279046673286991062562
100.8,7.05,77.4,38.7,0.3839285714285714285714285714285714
100.9,7.05,77.4,38.7,0.3835480673934588701684836471754212
101.0,7.05,77.4,38.7,0.3831683168316831683168316831683168
101.1,7.05,77.4,38.7,0.3827893175074183976261127596439169
101.2,7.05,77.4,38.7,0.3824110671936758893280632411067194
101.3,7.05,77.4,38.7,0.3820335636722606120434353405725568
101.4,7.05,77.4,38.7,0.3816568047337278106508875739644970
101.5,7.05,77.4,38.7,0.3812807881773399014778325123152709
101.6,7.05,77.4,38.7,0.3809055118110236220472440944881890
101.7,7.05,77.4,38.7,0.3805309734513274336283185840707965
101.8,7.05,77.4,38.7,0.3801571709233791748526522593320236
101.9,7.05,77.4,38.7,0.3797841020608439646712463199214917
102.0,7.05,77.4,38.7,0.3794117647058823529411764705882353
102.1,7.05,77.4,38.7,0.3790401567091087169441723800195886
102.2,7.05,77.4,38.7,0.3786692759295499021526418786692759
102.3,7.05,77.4,38.7,0.3782991202346041055718475073313783
102.4,7.05,77.4,38.7,0.3779296875
102.5,7.05,77.4,38.7,0.3775609756097560975609756097560976
102.6,7.05,77.4,38.7,0.3771929824561403508771929824561404
102.7,7.05,77.4,38.7,0.3768257059396299902629016553067186
102.8,7.05,77.4,38.7,0.3764591439688715953307392996108949
102.9,7.05,77.4,38.7,0.3760932944606413994169096209912536
103.0,7.05,77.4,38.7,0.3757281553398058252427184466019417
103.1,7.05,77.4,38.7,0.3753637245392822502424830261881668
103.2,7.05,77.4,38.7,0.375
103.3,7.05,77.4,38.7,0.3746369796708615682478218780251694
103.4,7.05,77.4,38.7,0.3742746615087040618955512572533849
103.5,7.05,77.4,38.7,0.3739130434782608695652173913043478
103.6,7.05,77.4,38.7,0.3735521235521235521235521235521236
103.7,7.05,77.4,38.7,0.3731918997107039537126325940212150
103.8,7.05,77.4,38.7,0.3728323699421965317919075144508671
103.9,7.05,77.4,38.7,0.3724735322425409047160731472569779
104.0,7.05,77.4,38.7,0.3721153846153846153846153846153846
104.1,7.05,77.4,38.7,0.3717579250720461095100864553314121
104.2,7.05,77.4,38.7,0.3714011516314779270633397312859885
104.3,7.05,77.4,38.7,0.3710450623202301054650047938638543
104.4,7.05,77.4,38.7,0.3706896551724137931034482758620690
104.5,7.05,77.4,38.7,0.3703349282296650717703349282296651
104.6,7.05,77.4,38.7,0.3699808795411089866156787762906310
104.7,7.05,77.4,38.7,0.3696275071633237822349570200573066
104.8,7.05,77.4,38.7,0.3692748091603053435114503816793893
104.9,7.05,77.4,38.7,0.3689227836034318398474737845567207
105.0,7.05,77.4,38.7,0.3685714285714285714285714285714286
105.1,7.05,77.4,38.7,0.3682207421503330161750713606089439
105.2,7.05,77.4,38.7,0.3678707224334600760456273764258555
105.3,7.05,77.4,38.7,0.3675213675213675213675213675213675
105.4,7.05,77.4,38.7,0.3671726755218216318785578747628083
105.5,7.05,77.4,38.7,0.3668246445497630331753554502369668
105.6,7.05,77.4,38.7,0.3664772727272727272727272727272727
105.7,7.05,77.4,38.7,0.3661305581835383159886471144749290
105.8,7.05,77.4,38.7,0.3657844990548204158790170132325142
105.9,7.05,77.4,38.7,0.3654390934844192634560906515580737
106.0,7.05,77.4,38.7,0.3650943396226415094339622641509434
106.1,7.05,77.4,38.7,0.3647502356267672007540056550424128
106.2,7.05,77.4,38.7,0.3644067796610169491525423728813559
106.3,7.05,77.4,38.7,0.3640639698965192850423330197554092
106.4,7.05,77.4,38.7,0.3637218045112781954887218045112782
106.5,7.05,77.4,38.7,0.3633802816901408450704225352112676
106.6,7.05,77.4,38.7,0.3630393996247654784240150093808630
106.7,7.05,77.4,38.7,0.3626991565135895032802249297094658
106.8,7.05,77.4,38.7,0.3623595505617977528089887640449438
106.9,7.05,77.4,38.7,0.3620205799812909260991580916744621
107.0,7.05,77.4,38.7,0.3616822429906542056074766355140187
107.1,7.05,77.4,38.7,0.3613445378151260504201680672268908
107.2,7.05,77.4,38.7,0.3610074626865671641791044776119403
107.3,7.05,77.4,38.7,0.3606710158434296365330848089468779
107.4,7.05,77.4,38.7,0.3603351955307262569832402234636872
107.5,7.05,77.4,38.7,0.36
107.6,7.05,77.4,38.7,0.3596654275092936802973977695167286
107.7,7.05,77.4,38.7,0.3593314763231197771587743732590529
107.8,7.10,77.4,38.7,0.3589981447124304267161410018552876
107.9,7.20,77.4,38.7,0.3586654309545875810936051899907322
108.0,7.30,77.4,38.7,0.3583333333333333333333333333333333
108.1,7.40,77.4,38.7,0.3580018501387604070305272895467160
108.2,7.50,77.4,38.7,0.3576709796672828096118299445471349
108.3,7.60,77.4,38.7,0.3573407202216066481994459833795014
108.4,7.70,77.4,38.7,0.3570110701107011070110701107011070
108.5,7.80,77.4,38.7,0.3566820276497695852534562211981567
108.6,7.90,77.4,38.7,0.3563535911602209944751381215469613
108.7,8.00,77.4,38.7,0.3560257589696412143514259429622815
108.8,8.10,77.4,38.7,0.3556985294117647058823529411764706
108.9,8.20,77.4,38.7,0.3553719008264462809917355371900826
109.0,8.30,77.4,38.7,0.3550458715596330275229357798165138
109.1,8.40,77.4,38.7,0.3547204399633363886342804766269478
109.2,8.50,77.4,38.7,0.3543956043956043956043956043956044
109.3,8.60,77.4,38.7,0.3540713632204940530649588289112534
109.4,8.70,77.4,38.7,0.3537477148080438756855575868372943
109.5,8.80,77.4,38.7,0.3534246575342465753424657534246575
109.6,8.90,77.4,38.7,0.3531021897810218978102189781021898
109.7,9.00,77.4,38.7,0.3527803099361896080218778486782133
109.8,9.10,77.4,38.7,0.3524590163934426229508196721311475
109.9,9.20,77.4,38.7,0.3521383075523202911737943585077343
110.0,9.30,77.4,38.7,0.3518181818181818181818181818181818
110.1,9.40,77.4,38.7,0.3514986376021798365122615803814714
110.2,9.50,77.4,38.7,0.3511796733212341197822141560798548
110.3,9.60,77.4,38.7,0.3508612873980054397098821396192203
110.4,9.70,77.4,38.7,0.3505434782608695652173913043478261
110.5,9.80,77.4,38.7,0.3502262443438914027149321266968326
110.6,9.90,77.4,38.7,0.3499095840867992766726943942133816
110.7,10.00,77.4,38.7,0.3495934959349593495934959349593496
110.8,10.10,77.4,38.7,0.3492779783393501805054151624548736
110.9,10.20,77.4,38.7,0.3489630297565374211000901713255185
111.0,10.30,77.4,38.7,0.3486486486486486486486486486486486
111.1,10.40,77.4,38.7,0.3483348334833483348334833483348335
111.2,10.50,77.4,38.7,0.3480215827338129496402877697841727
111.3,10.60,77.4,38.7,0.3477088948787061994609164420485175
111.4,10.70,77.4,38.7,0.3473967684021543985637342908438061
111.5,10.80,77.4,38.7,0.3470852017937219730941704035874439
111.6,10.90,77.4,38.7,0.3467741935483870967741935483870968
111.7,10.95,77.4,38.7,0.3464637421665174574753804834377798
111.8,10.95,77.4,38.7,0.3461538461538461538461538461538462
111.9,10.95,77.4,38.7,0.3458445040214477211796246648793566
112.0,10.95,77.4,38.7,0.3455357142857142857142857142857143
112.1,10.95,77.4,38.7,0.3452274754683318465655664585191793
112.2,10.95,77.4,38.7,0.3449197860962566844919786096256684
112.3,10.95,77.4,38.7,0.3446126447016918967052537845057881
112.4,10.95,77.4,38.7,0.3443060498220640569395017793594306
112.5,10.95,77.4,38.7,0.344
112.6,10.95,77.4,38.7,0.3436944937833037300177619893428064
112.7,10.95,77.4,38.7,0.3433895297249334516415261756876664
112.8,10.95,77.4,38.7,0.3430851063829787234042553191489362
112.9,10.95,77.4,38.7,0.3427812223206377325066430469441984
113.0,10.95,77.4,38.7,0.3424778761061946902654867256637168
113.1,10.95,77.4,38.7,0.3421750663129973474801061007957560
113.2,10.95,77.4,38.7,0.3418727915194346289752650176678445
113.3,10.95,77.4,38.7,0.3415710503089143865842894969108561
113.4,10.95,77.4,38.7,0.3412698412698412698412698412698413
113.5,10.95,77.4,38.7,0.3409691629955947136563876651982379
113.6,10.95,77.4,38.7,0.3406690140845070422535211267605634
113.7,10.95,77.4,38.7,0.3403693931398416886543535620052770
113.8,10.95,77.4,38.7,0.3400702987697715289982425307557118
113.9,10.95,77.4,38.7,0.3397717295873573309920983318700615
114.0,10.95,77.4,38.7,0.3394736842105263157894736842105263
114.1,10.95,77.4,38.7,0.3391761612620508326029798422436459
114.2,10.95,77.4,38.7,0.3388791593695271453590192644483363
114.3,10.95,77.4,38.7,0.3385826771653543307086614173228346
114.4,10.95,77.4,38.7,0.3382867132867132867132867132867133
114.5,10.95,77.4,38.7,0.3379912663755458515283842794759825
114.6,10.95,77.4,38.7,0.3376963350785340314136125654450262
114.7,10.95,77.4,38.7,0.3374019180470793374019180470793374
114.8,10.95,77.4,38.7,0.3371080139372822299651567944250871
114.9,10.95,77.4,38.7,0.3368146214099216710182767624020888
115.0,10.95,77.4,38.7,0.3365217391304347826086956521739130
115.1,10.95,77.4,38.7,0.3362293657688966116420503909643788
115.2,10.95,77.4,38.7,0.3359375
115.3,10.95,77.4,38.7,0.3356461405030355594102341717259324
115.4,10.95,77.4,38.7,0.3353552859618717504332755632582322
115.5,10.95,77.4,38.7,0.3350649350649350649350649350649351
115.6,10.95,77.4,38.7,0.3347750865051903114186851211072664
115.7,10.95,77.4,38.7,0.3344857389801210025929127052722558
115.8,10.95,77.4,38.7,0.3341968911917098445595854922279793
115.9,10.95,77.4,38.7,0.3339085418464193270060396893874029
116.0,10.95,77.4,38.7,0.3336206896551724137931034482758621
116.1,10.95,77.4,38.7,0.3333333333333333333333333333333333
116.2,10.95,77.4,38.7,0.3330464716006884681583476764199656
116.3,10.95,77.4,38.7,0.3327601031814273430782459157351677
116.4,10.95,77.4,38.7,0.3324742268041237113402061855670103
116.5,10.95,77.4,38.7,0.3321888412017167381974248927038627
116.6,10.95,77.4,38.7,0.3319039451114922813036020583190395
116.7,10.95,77.4,38.7,0.3316195372750642673521850899742931
116.8,10.95,77.4,38.7,0.3313356164383561643835616438356164
116.9,10.95,77.4,38.7,0.3310521813515825491873396065012831
117.0,10.95,77.4,38.7,0.3307692307692307692307692307692308
117.1,10.95,77.4,38.7,0.3304867634500426985482493595217763
117.2,10.95,77.4,38.7,0.3302047781569965870307167235494881
117.3,10.95,77.4,38.7,0.3299232736572890025575447570332481
117.4,10.95,77.4,38.7,0.3296422487223168654173764906303237
117.5,10.95,77.4,38.7,0.3293617021276595744680851063829787
117.6,10.95,77.4,38.7,0.3290816326530612244897959183673469
117.7,10.95,77.4,38.7,0.3288020390824129141886151231945624
117.8,10.95,77.4,38.7,0.3285229202037351443123938879456706
117.9,10.95,77.4,38.7,0.3282442748091603053435114503816794
118.0,10.95,77.4,38.7,0.3279661016949152542372881355932203
118.1,10.95,77.4,38.7,0.3276883996613039796782387806943268
118.2,10.95,77.4,38.7,0.3274111675126903553299492385786802
118.3,10.95,77.4,38.7,0.3271344040574809805579036348267117
118.4,10.95,77.4,38.7,0.3268581081081081081081081081081081
118.5,10.95,77.4,38.7,0.3265822784810126582278481012658228
118.6,10.95,77.4,38.7,0.3263069139966273187183811129848229
118.7,10.95,77.4,38.7,0.3260320134793597304128053917438922
118.8,10.95,77.4,38.7,0.3257575757575757575757575757575758
118.9,10.95,77.4,38.7,0.3254835996635828427249789739276703
119.0,10.95,77.4,38.7,0.3252100840336134453781512605042017
119.1,10.95,77.4,38.7,0.3249370277078085642317380352644836
119.2,10.95,77.4,38.7,0.3246644295302013422818791946308725
119.3,10.95,77.4,38.7,0.3243922883487007544006705783738474
119.4,10.95,77.4,38.7,0.3241206030150753768844221105527638
119.5,10.95,77.4,38.7,0.3238493723849372384937238493723849
119.6,10.95,77.4,38.7,0.3235785953177257525083612040133779
119.7,10.95,77.4,38.7,0.3233082706766917293233082706766917
119.8,10.95,77.4,38.7,0.3230383973288814691151919866444073
119.9,10.95,77.4,38.7,0.3227689741451209341117597998331943
120.0,10.95,77.4,38.7,0.3225
120.1,10.95,77.4,38.7,0.3222314737718567860116569525395504
120.2,10.95,77.4,38.7,0.3219633943427620632279534109816972
120.3,10.95,77.4,38.7,0.3216957605985037406483790523690773
120.4,10.95,77.4,38.7,0.3214285714285714285714285714285714
120.5,10.95,77.4,38.7,0.3211618257261410788381742738589212
120.6,10.95,77.4,38.7,0.3208955223880597014925373134328358
120.7,10.95,77.4,38.7,0.3206296603148301574150787075393538
120.8,10.95,77.4,38.7,0.3203642384105960264900662251655629
120.9,10.95,77.4,38.7,0.3200992555831265508684863523573201
121.0,10.95,77.4,38.7,0.3198347107438016528925619834710744
121.1,10.95,77.4,38.7,0.3195706028075970272502064409578860
121.2,10.95,77.4,38.7,0.3193069306930693069306930693069307
121.3,10.95,77.4,38.7,0.3190436933223413025556471558120363
121.4,10.95,77.4,38.7,0.3187808896210873146622734761120264
121.5,10.95,77.4,38.7,0.3185185185185185185185185185185185
121.6,10.95,77.4,38.7,0.3182565789473684210526315789473684
121.7,10.95,77.4,38.7,0.3179950698438783894823336072308956
121.8,10.95,77.4,38.7,0.3177339901477832512315270935960591
121.9,10.95,77.4,38.7,0.3174733388022969647251845775225595
122.0,10.95,77.4,38.7,0.3172131147540983606557377049180328
122.1,10.95,77.4,38.7,0.3169533169533169533169533169533170
122.2,10.95,77.4,38.7,0.3166939443535188216039279869067103
122.3,10.95,77.4,38.7,0.3164349959116925592804578904333606
122.4,10.95,77.4,38.7,0.3161764705882352941176470588235294
122.5,10.95,77.4,38.7,0.3159183673469387755102040816326531
122.6,10.95,77.4,38.7,0.3156606851549755301794453507340946
122.7,10.95,77.4,38.7,0.3154034229828850855745721271393643
122.8,10.95,77.4,38.7,0.3151465798045602605863192182410423
122.9,10.95,77.4,38.7,0.3148901545972335231895850284784378
123.0,10.95,77.4,38.7,0.3146341463414634146341463414634146
123.1,10.95,77.4,38.7,0.3143785540211210398050365556458164
123.2,10.95,77.4,38.7,0.3141233766233766233766233766233766
123.3,10.95,77.4,38.7,0.3138686131386861313868613138686131
123.4,10.95,77.4,38.7,0.3136142625607779578606158833063209
123.5,10.95,77.4,38.7,0.3133603238866396761133603238866397
123.6,10.95,77.4,38.7,0.3131067961165048543689320388349515
123.7,10.95,77.4,38.7,0.3128536782538399353274050121261116
123.8,10.95,77.4,38.7,0.3126009693053311793214862681744750
123.9,10.95,77.4,38.7,0.3123486682808716707021791767554479
124.0,10.95,77.4,38.7,0.3120967741935483870967741935483871
124.1,10.95,77.4,38.7,0.3118452860596293311845286059629331
124.2,10.95,77.4,38.7,0.3115942028985507246376811594202899
124.3,10.95,77.4,38.7,0.3113435237329042638777152051488335
124.4,10.95,77.4,38.7,0.3110932475884244372990353697749196
124.5,10.95,77.4,38.7,0.3108433734939759036144578313253012
124.6,10.95,77.4,38.7,0.3105939004815409309791332263242376
124.7,10.95,77.4,38.7,0.3103448275862068965517241379310345
124.8,10.95,77.4,38.7,0.3100961538461538461538461538461538
124.9,10.95,77.4,38.7,0.3098478783026421136909527622097678
125.0,10.95,77.4,38.7,0.3096
125.1,10.95,77.4,38.7,0.3093525179856115107913669064748201
125.2,10.95,77.4,38.7,0.3091054313099041533546325878594249
125.3,10.95,77.4,38.7,0.3088587390263367916999201915403033
125.4,10.95,77.4,38.7,0.3086124401913875598086124401913876
125.5,10.95,77.4,38.7,0.3083665338645418326693227091633466
125.6,10.95,77.4,38.7,0.3081210191082802547770700636942675
125.7,10.95,77.4,38.7,0.3078758949880668257756563245823389
125.8,10.95,77.4,38.7,0.3076311605723370429252782193958665
125.9,10.95,77.4,38.7,0.3073868149324861000794281175536140
126.0,10.95,77.4,38.7,0.3071428571428571428571428571428571
126.1,10.95,77.4,38.7,0.3068992862807295796986518636003172
126.2,10.95,77.4,38.7,0.3066561014263074484944532488114105
126.3,10.95,77.4,38.7,0.3064133016627078384798099762470309
126.4,10.95,77.4,38.7,0.3061708860759493670886075949367089
126.5,10.95,77.4,38.7,0.3059288537549407114624505928853755
126.6,10.95,77.4,38.7,0.3056872037914691943127962085308057
126.7,10.95,77.4,38.7,0.3054459352801894238358326756116811
126.8,10.95,77.4,38.7,0.3052050473186119873817034700315457
126.9,10.95,77.4,38.7,0.3049645390070921985815602836879433
127.0,10.95,77.4,38.7,0.3047244094488188976377952755905512
127.1,10.95,77.4,38.7,0.3044846577498033044846577498033045
127.2,10.95,77.4,38.7,0.3042452830188679245283018867924528
127.3,10.95,77.4,38.7,0.3040062843676355066771406127258445
127.4,11.00,77.4,38.7,0.3037676609105180533751962323390895
127.5,11.10,77.4,38.7,0.3035294117647058823529411764705882
127.6,11.20,77.4,38.7,0.3032915360501567398119122257053292
127.7,11.30,77.4,38.7,0.3030540328895849647611589663273297
127.8,11.40,77.4,38.7,0.3028169014084507042253521126760563
127.9,11.50,77.4,38.7,0.3025801407349491790461297888975762
128.0,11.60,77.4,38.7,0.30234375
128.1,11.70,77.4,38.7,0.3021077283372365339578454332552693
128.2,11.80,77.4,38.7,0.3018720748829953198127925117004680
128.3,11.90,77.4,38.7,0.3016367887763055339049103663289166
128.4,12.00,77.4,38.7,0.3014018691588785046728971962616822
128.5,12.10,77.4,38.7,0.3011673151750972762645914396887160
128.6,12.20,77.4,38.7,0.3009331259720062208398133748055988
128.7,12.30,77.4,38.7,0.3006993006993006993006993006993007
128.8,12.35,77.4,38.7,0.3004658385093167701863354037267081
128.9,12.35,77.4,38.7,0.3002327385570209464701318851823119
129.0,12.35,77.4,38.7,0.3
129.1,12.35,77.4,38.7,0.2997676219984508133230054221533695
129.2,12.35,77.4,38.7,0.2995356037151702786377708978328173
129.3,12.35,77.4,38.7,0.2993039443155452436194895591647332
129.4,12.35,77.4,38.7,0.2990726429675425038639876352395672
129.5,12.35,77.4,38.7,0.2988416988416988416988416988416988
129.6,12.35,77.4,38.7,0.2986111111111111111111111111111111
129.7,12.35,77.4,38.7,0.2983808789514263685427910562837317
129.8,12.35,77.4,38.7,0.2981510015408320493066255778120185
129.9,12.35,77.4,38.7,0.2979214780600461893764434180138568
130.0,12.35,77.4,38.7,0.2976923076923076923076923076923077
130.1,12.35,77.4,38.7,0.2974634896233666410453497309761722
130.2,12.35,77.4,38.7,0.2972350230414746543778801843317972
130.3,12.35,77.4,38.7,0.2970069071373752877973906369915579
130.4,12.35,77.4,38.7,0.2967791411042944785276073619631902
130.5,12.35,77.4,38.7,0.2965517241379310344827586206896552
130.6,12.35,77.4,38.7,0.2963246554364471669218989280245023
130.7,12.35,77.4,38.7,0.2960979342004590665646518745218057
130.8,12.35,77.4,38.7,0.2958715596330275229357798165137615
130.9,12.35,77.4,38.7,0.2956455309396485867074102368220015
131.0,12.35,77.4,38.7,0.2954198473282442748091603053435115
131.1,12.35,77.4,38.7,0.2951945080091533180778032036613272
131.2,12.35,77.4,38.7,0.2949695121951219512195121951219512
131.3,12.35,77.4,38.7,0.2947448591012947448591012947448591
131.4,12.35,77.4,38.7,0.2945205479452054794520547945205479
131.5,12.35,77.4,38.7,0.2942965779467680608365019011406844
131.6,12.35,77.4,38.7,0.2940729483282674772036474164133739
131.7,12.35,77.4,38.7,0.2938496583143507972665148063781321
131.8,12.35,77.4,38.7,0.2936267071320182094081942336874052
131.9,12.35,77.4,38.7,0.2934040940106141015921152388172858
132.0,12.35,77.4,38.7,0.2931818181818181818181818181818182
132.1,12.35,77.4,38.7,0.2929598788796366389099167297501893
132.2,12.35,77.4,38.7,0.2927382753403933434190620272314675
132.3,12.35,77.4,38.7,0.2925170068027210884353741496598639
132.4,12.35,77.4,38.7,0.2922960725075528700906344410876133
132.5,12.35,77.4,38.7,0.2920754716981132075471698113207547
132.6,12.35,77.4,38.7,0.2918552036199095022624434389140271
132.7,12.35,77.4,38.7,0.2916352675207234363225320271288621
132.8,12.35,77.4,38.7,0.2914156626506024096385542168674699
132.9,12.35,77.4,38.7,0.2911963882618510158013544018058691
133.0,12.35,77.4,38.7,0.2909774436090225563909774436090226
133.1,12.35,77.4,38.7,0.2907588279489105935386927122464313
133.2,12.35,77.4,38.7,0.2905405405405405405405405405405405
133.3,12.35,77.4,38.7,0.2903225806451612903225806451612903
133.4,12.35,77.4,38.7,0.2901049475262368815592203898050975
133.5,12.35,77.4,38.7,0.2898876404494382022471910112359551
133.6,12.35,77.4,38.7,0.2896706586826347305389221556886228
133.7,12.35,77.4,38.7,0.2894540014958863126402393418100224
133.8,12.35,77.4,38.7,0.2892376681614349775784753363228700
133.9,12.35,77.4,38.7,0.2890216579536967886482449589245706
134.0,12.35,77.4,38.7,0.2888059701492537313432835820895522
134.1,12.35,77.4,38.7,0.2885906040268456375838926174496644
134.2,12.35,77.4,38.7,0.2883755588673621460506706408345753
134.3,12.35,77.4,38.7,0.2881608339538346984363365599404319
134.4,12.35,77.4,38.7,0.2879464285714285714285714285714286
134.5,12.35,77.4,38.7,0.2877323420074349442379182156133829
134.6,12.35,77.4,38.7,0.2875185735512630014858841010401189
134.7,12.35,77.4,38.7,0.2873051224944320712694877505567929
134.8,12.35,77.4,38.7,0.2870919881305637982195845697329377
134.9,12.35,77.4,38.7,0.2868791697553743513713862120088955
135.0,12.35,77.4,38.7,0.2866666666666666666666666666666667
135.1,12.35,77.4,38.7,0.2864544781643227239082161361954108
135.2,12.35,77.4,38.7,0.2862426035502958579881656804733728
135.3,12.35,77.4,38.7,0.2860310421286031042128603104212860
135.4,12.35,77.4,38.7,0.2858197932053175775480059084194978
135.5,12.35,77.4,38.7,0.2856088560885608856088560885608856
135.6,12.35,77.4,38.7,0.2853982300884955752212389380530973
135.7,12.35,77.4,38.7,0.2851879145173176123802505526897568
135.8,12.35,77.4,38.7,0.2849779086892488954344624447717231
135.9,12.35,77.4,38.7,0.2847682119205298013245033112582781
136.0,12.35,77.4,38.7,0.2845588235294117647058823529411765
136.1,12.35,77.4,38.7,0.2843497428361498897869213813372520
136.2,12.35,77.4,38.7,0.2841409691629955947136563876651982
136.3,12.35,77.4,38.7,0.2839325018341892883345561261922230
136.4,12.35,77.4,38.7,0.2837243401759530791788856304985337
136.5,12.35,77.4,38.7,0.2835164835164835164835164835164835
136.6,12.35,77.4,38.7,0.2833089311859443631039531478770132
136.7,12.35,77.4,38.7,0.2831016825164594001463057790782736
136.8,12.35,77.4,38.7,0.2828947368421052631578947368421053
136.9,12.35,77.4,38.7,0.2826880934989043097151205259313367
137.0,12.35,77.4,38.7,0.2824817518248175182481751824817518
137.1,12.35,77.4,38.7,0.2822757111597374179431072210065646
137.2,12.35,77.4,38.7,0.2820699708454810495626822157434402
137.3,12.35,77.4,38.7,0.2818645302257829570284049526584122
137.4,12.35,77.4,38.7,0.2816593886462882096069868995633188
137.5,12.35,77.4,38.7,0.2814545454545454545454545454545455
137.6,12.35,77.4,38.7,0.28125
137.7,12.35,77.4,38.7,0.2810457516339869281045751633986928
137.8,12.35,77.4,38.7,0.2808417997097242380261248185776488
137.9,12.35,77.4,38.7,0.2806381435823060188542422044960116
138.0,12.35,77.4,38.7,0.2804347826086956521739130434782609
138.1,12.35,77.4,38.7,0.2802317161477190441708906589427951
138.2,12.35,77.4,38.7,0.2800289435600578871201157742402315
138.3,12.35,77.4,38.7,0.2798264642082429501084598698481562
138.4,12.35,77.4,38.7,0.2796242774566473988439306358381503
138.5,12.35,77.4,38.7,0.2794223826714801444043321299638989
138.6,12.35,77.4,38.7,0.2792207792207792207792207792207792
138.7,12.35,77.4,38.7,0.2790194664744051910598413842826244
138.8,12.35,77.4,38.7,0.2788184438040345821325648414985591
138.9,12.35,77.4,38.7,0.2786177105831533477321814254859611
139.0,12.35,77.4,38.7,0.2784172661870503597122302158273381
139.1,12.35,77.4,38.7,0.2782171099928109273903666427030913
139.2,12.35,77.4,38.7,0.2780172413793103448275862068965517
139.3,12.35,77.4,38.7,0.2778176597272074659009332376166547
139.4,12.35,77.4,38.7,0.2776183644189383070301291248206600
139.5,12.35,77.4,38.7,0.2774193548387096774193548387096774
139.6,12.35,77.4,38.7,0.2772206303724928366762177650429799
139.7,12.35,77.4,38.7,0.2770221904080171796707229778095920
139.8,12.35,77.4,38.7,0.2768240343347639484978540772532189
139.9,12.35,77.4,38.7,0.2766261615439599714081486776268763
140.0,12.35,77.4,38.7,0.2764285714285714285714285714285714
140.1,12.35,77.4,38.7,0.2762312633832976445396145610278373
140.2,12.35,77.4,38.7,0.2760342368045649072753209700427960
140.3,12.35,77.4,38.7,0.2758374910905203136136849607982894
140.4,12.35,77.4,38.7,0.2756410256410256410256410256410256
140.5,12.35,77.4,38.7,0.2754448398576512455516014234875445
140.6,12.35,77.4,38.7,0.2752489331436699857752489331436700
140.7,12.35,77.4,38.7,0.2750533049040511727078891257995736
140.8,12.35,77.4,38.7,0.2748579545454545454545454545454545
140.9,12.35,77.4,38.7,0.2746628814762242725337118523775727
141.0,12.35,77.4,38.7,0.2744680851063829787234042553191489
141.1,12.35,77.4,38.7,0.2742735648476257973068745570517364
141.2,12.35,77.4,38.7,0.2740793201133144475920679886685552
141.3,12.35,77.4,38.7,0.2738853503184713375796178343949045
141.4,12.35,77.4,38.7,0.2736916548797736916548797736916549
141.5,12.35,77.4,38.7,0.2734982332155477031802120141342756
141.6,12.35,77.4,38.7,0.2733050847457627118644067796610169
141.7,12.35,77.4,38.7,0.2731122088920254057868736767819337
141.8,12.35,77.4,38.7,0.2729196050775740479548660084626234
141.9,12.35,77.4,38.7,0.2727272727272727272727272727272727
142.0,12.35,77.4,38.7,0.2725352112676056338028169014084507
142.1,12.35,77.4,38.7,0.2723434201266713581984517945109078
142.2,12.35,77.4,38.7,0.2721518987341772151898734177215190
142.3,12.35,77.4,38.7,0.2719606465214335910049191848208011
142.4,12.35,77.4,38.7,0.2717696629213483146067415730337079
142.5,12.35,77.4,38.7,0.2715789473684210526315789473684211
142.6,12.35,77.4,38.7,0.2713884992987377279102384291725105
142.7,12.35,77.4,38.7,0.2711983181499649614576033637000701
142.8,12.35,77.4,38.7,0.2710084033613445378151260504201681
142.9,12.35,77.4,38.7,0.2708187543736878936319104268719384
143.0,12.35,77.4,38.7,0.2706293706293706293706293706293706
143.1,12.35,77.4,38.7,0.2704402515723270440251572327044025
143.2,12.35,77.4,38.7,0.2702513966480446927374301675977654
143.3,12.35,77.4,38.7,0.2700628053035589672016748080949058
143.4,12.35,77.4,38.7,0.2698744769874476987447698744769874
143.5,12.35,77.4,38.7,0.2696864111498257839721254355400697
143.6,12.35,77.4,38.7,0.2694986072423398328690807799442897
143.7,12.35,77.4,38.7,0.2693110647181628392484342379958246
143.8,12.35,77.4,38.7,0.2691237830319888734353268428372740
143.9,12.35,77.4,38.7,0.2689367616400277970813064628214038
144.0,12.35,77.4,38.7,0.26875
144.1,12.35,77.4,38.7,0.2685634975711311589174184594031922
144.2,12.35,77.4,38.7,0.2683772538141470180305131761442441
144.3,12.35,77.4,38.7,0.2681912681912681912681912681912682
144.4,12.35,77.4,38.7,0.2680055401662049861495844875346260
144.5,12.35,77.4,38.7,0.2678200692041522491349480968858131
144.6,12.35,77.4,38.7,0.2676348547717842323651452282157676
144.7,12.35,77.4,38.7,0.2674498963372494816862474084312370
144.8,12.35,77.4,38.7,0.2672651933701657458563535911602210
144.9,12.35,77.4,38.7,0.2670807453416149068322981366459627
145.0,12.35,77.4,38.7,0.2668965517241379310344827586206897
145.1,12.35,77.4,38.7,0.2667126119917298414886285320468642
145.2,12.35,77.4,38.7,0.2665289256198347107438016528925620
145.3,12.35,77.4,38.7,0.2663454920853406744666207845836201
145.4,12.35,77.4,38.7,0.2661623108665749656121045392022008
145.5,12.35,77.4,38.7,0.2659793814432989690721649484536082
145.6,12.35,77.4,38.7,0.2657967032967032967032967032967033
145.7,12.35,77.4,38.7,0.2656142759094028826355525051475635
145.8,12.35,77.4,38.7,0.2654320987654320987654320987654321
145.9,12.35,77.4,38.7,0.2652501713502398903358464701850583
146.0,12.35,77.4,38.7,0.2650684931506849315068493150684932
146.1,12.35,77.4,38.7,0.2648870636550308008213552361396304
146.2,12.35,77.4,38.7,0.2647058823529411764705882352941176
146.3,12.35,77.4,38.7,0.2645249487354750512645249487354751
146.4,12.35,77.4,38.7,0.2643442622950819672131147540983607
146.5,12.35,77.4,38.7,0.2641638225255972696245733788395904
146.6,12.35,77.4,38.7,0.2639836289222373806275579809004093
146.7,12.35,77.4,38.7,0.2638036809815950920245398773006135
146.8,12.40,77.4,38.7,0.2636239782016348773841961852861035
146.9,12.50,77.4,38.7,0.2634445200816882232811436351259360
147.0,12.60,77.4,38.7,0.2632653061224489795918367346938776
147.1,12.70,77.4,38.7,0.2630863358259687287559483344663494
147.2,12.80,77.4,38.7,0.2629076086956521739130434782608696
147.3,12.90,77.4,38.7,0.2627291242362525458248472505091650
147.4,13.00,77.4,38.7,0.2625508819538670284938941655359566
147.5,13.10,77.4,38.7,0.2623728813559322033898305084745763
147.6,13.15,77.4,38.7,0.2621951219512195121951219512195122
147.7,13.15,77.4,38.7,0.2620176032498307379823967501692620
147.8,13.15,77.4,38.7,0.2618403247631935047361299052774019
147.9,13.15,77.4,38.7,0.2616632860040567951318458417849899
148.0,13.15,77.4,38.7,0.2614864864864864864864864864864865
148.1,13.15,77.4,38.7,0.2613099257258609047940580688723835
148.2,13.15,77.4,38.7,0.2611336032388663967611336032388664
148.3,13.15,77.4,38.7,0.2609575185434929197572488199595415
148.4,13.15,77.4,38.7,0.2607816711590296495956873315363881
148.5,13.15,77.4,38.7,0.2606060606060606060606060606060606
148.6,13.15,77.4,38.7,0.2604306864064602960969044414535666
148.7,13.15,77.4,38.7,0.2602555480833893745796906523201076
148.8,13.15,77.4,38.7,0.2600806451612903225806451612903226
148.9,13.15,77.4,38.7,0.2599059771658831430490261920752183
149.0,13.15,77.4,38.7,0.2597315436241610738255033557046980
149.1,13.15,77.4,38.7,0.2595573440643863179074446680080483
149.2,13.15,77.4,38.7,0.2593833780160857908847184986595174
149.3,13.15,77.4,38.7,0.2592096450100468854655056932350971
149.4,13.15,77.4,38.7,0.2590361445783132530120481927710843
149.5,13.15,77.4,38.7,0.2588628762541806020066889632107023
149.6,13.15,77.4,38.7,0.2586898395721925133689839572192513
149.7,13.15,77.4,38.7,0.2585170340681362725450901803607214
149.8,13.15,77.4,38.7,0.2583444592790387182910547396528705
149.9,13.15,77.4,38.7,0.2581721147431621080720480320213476
150.0,13.15,77.4,38.7,0.258
150.1,13.15,77.4,38.7,0.2578281145902731512325116588940706
150.2,13.15,77.4,38.7,0.2576564580559254327563249001331558
150.3,13.15,77.4,38.7,0.2574850299401197604790419161676647
150.4,13.15,77.4,38.7,0.2573138297872340425531914893617021
150.5,13.15,77.4,38.7,0.2571428571428571428571428571428571
150.6,13.15,77.4,38.7,0.2569721115537848605577689243027888
150.7,13.15,77.4,38.7,0.2568015925680159256801592568015926
150.8,13.15,77.4,38.7,0.2566312997347480106100795755968170
150.9,13.15,77.4,38.7,0.2564612326043737574552683896620278
151.0,13.15,77.4,38.7,0.2562913907284768211920529801324503
151.1,13.15,77.4,38.7,0.2561217736598279285241561879549967
151.2,13.15,77.4,38.7,0.2559523809523809523809523809523810
151.3,13.15,77.4,38.7,0.2557832121612690019828155981493721
151.4,13.15,77.4,38.7,0.2556142668428005284015852047556143
151.5,13.15,77.4,38.7,0.2554455445544554455445544554455446
151.6,13.15,77.4,38.7,0.2552770448548812664907651715039578
151.7,13.15,77.4,38.7,0.2551087673038892551087673038892551
151.8,13.15,77.4,38.7,0.2549407114624505928853754940711462
151.9,13.15,77.4,38.7,0.2547728768926925608953258722843976
152.0,13.15,77.4,38.7,0.2546052631578947368421052631578947
152.1,13.15,77.4,38.7,0.2544378698224852071005917159763314
152.2,13.15,77.4,38.7,0.2542706964520367936925098554533509
152.3,13.15,77.4,38.7,0.2541037426132632961260669730794485
152.4,13.15,77.4,38.7,0.2539370078740157480314960629921260
152.5,13.15,77.4,38.7,0.2537704918032786885245901639344262
152.6,13.15,77.4,38.7,0.2536041939711664482306684141546527
152.7,13.15,77.4,38.7,0.2534381139489194499017681728880157
152.8,13.15,77.4,38.7,0.2532722513089005235602094240837696
152.9,13.15,77.4,38.7,0.2531066056245912361020274689339438
153.0,13.15,77.4,38.7,0.2529411764705882352941176470588235
153.1,13.15,77.4,38.7,0.2527759634225996080992815153494448
153.2,13.15,77.4,38.7,0.2526109660574412532637075718015666
153.3,13.15,77.4,38.7,0.2524461839530332681017612524461840
153.4,13.15,77.4,38.7,0.2522816166883963494132985658409387
153.5,13.15,77.4,38.7,0.2521172638436482084690553745928339
153.6,13.15,77.4,38.7,0.251953125
153.7,13.15,77.4,38.7,0.2517891997397527651268705270006506
153.8,13.15,77.4,38.7,0.2516254876462938881664499349804941
153.9,13.15,77.4,38.7,0.2514619883040935672514619883040936
154.0,13.15,77.4,38.7,0.2512987012987012987012987012987013
154.1,13.15,77.4,38.7,0.2511356262167423750811161583387411
154.2,13.15,77.4,38.7,0.2509727626459143968871595330739300
154.3,13.15,77.4,38.7,0.2508101101749837977965003240440700
154.4,13.15,77.4,38.7,0.2506476683937823834196891191709845
154.5,13.15,77.4,38.7,0.2504854368932038834951456310679612
154.6,13.15,77.4,38.7,0.2503234152652005174644243208279431
154.7,13.15,77.4,38.7,0.2501616031027795733678086619263090
154.8,13.15,77.4,38.7,0.25
154.9,13.15,77.4,38.7,0.2498386055519690122659780503550678
155.0,13.15,77.4,38.7,0.2496774193548387096774193548387097
155.1,13.15,77.4,38.7,0.2495164410058027079303675048355899
155.2,13.15,77.4,38.7,0.2493556701030927835051546391752577
155.3,13.15,77.4,38.7,0.2491951062459755312298776561493883
155.4,13.15,77.4,38.7,0.2490347490347490347490347490347490
155.5,13.15,77.4,38.7,0.2488745980707395498392282958199357
155.6,13.15,77.4,38.7,0.2487146529562982005141388174807198
155.7,13.15,77.4,38.7,0.2485549132947976878612716763005780
155.8,13.15,77.4,38.7,0.2483953786906290115532734274711168
155.9,13.15,77.4,38.7,0.2482360487491982039769082745349583
156.0,13.15,77.4,38.7,0.2480769230769230769230769230769231
156.1,13.15,77.4,38.7,0.2479180012812299807815502882767457
156.2,13.15,77.4,38.7,0.2477592829705505761843790012804097
156.3,13.15,77.4,38.7,0.2476007677543186180422264875239923
156.4,13.15,77.4,38.7,0.2474424552429667519181585677749361
156.5,13.15,77.4,38.7,0.2472843450479233226837060702875399
156.6,13.15,77.4,38.7,0.2471264367816091954022988505747126
156.7,13.15,77.4,38.7,0.2469687300574345883854499042756860
156.8,13.15,77.4,38.7,0.2468112244897959183673469387755102
156.9,13.15,77.4,38.7,0.2466539196940726577437858508604207
157.0,13.15,77.4,38.7,0.2464968152866242038216560509554140
157.1,13.15,77.4,38.7,0.2463399108847867600254614894971356
157.2,13.15,77.4,38.7,0.2461832061068702290076335877862595
157.3,13.15,77.4,38.7,0.2460267005721551176096630642085188
157.4,13.15,77.4,38.7,0.2458703939008894536213468869123253
157.5,13.15,77.4,38.7,0.2457142857142857142857142857142857
157.6,13.15,77.4,38.7,0.2455583756345177664974619289340102
157.7,13.15,77.4,38.7,0.2454026632847178186429930247305010
157.8,13.15,77.4,38.7,0.2452471482889733840304182509505703
157.9,13.15,77.4,38.7,0.2450918302723242558581380620645978
158.0,13.15,77.4,38.7,0.2449367088607594936708860759493671
158.1,13.15,77.4,38.7,0.2447817836812144212523719165085389
158.2,13.15,77.4,38.7,0.2446270543615676359039190897597977
158.3,13.15,77.4,38.7,0.2444725205306380290587492103600758
158.4,13.15,77.4,38.7,0.2443181818181818181818181818181818
158.5,13.15,77.4,38.7,0.2441640378548895899053627760252366
158.6,13.15,77.4,38.7,0.2440100882723833543505674653215637
158.7,13.15,77.4,38.7,0.2438563327032136105860113421550095
158.8,13.15,77.4,38.7,0.2437027707808564231738035264483627
158.9,13.15,77.4,38.7,0.2435494021397105097545626179987413
159.0,13.15,77.4,38.7,0.2433962264150943396226415094339623
159.1,13.15,77.4,38.7,0.2432432432432432432432432432432432
159.2,13.15,77.4,38.7,0.2430904522613065326633165829145729
159.3,13.15,77.4,38.7,0.2429378531073446327683615819209040
159.4,13.15,77.4,38.7,0.2427854454203262233375156838143036
159.5,13.15,77.4,38.7,0.2426332288401253918495297805642633
159.6,13.15,77.4,38.7,0.2424812030075187969924812030075188
159.7,13.15,77.4,38.7,0.2423293675641828428303068252974327
159.8,13.15,77.4,38.7,0.2421777221526908635794743429286608
159.9,13.15,77.4,38.7,0.2420262664165103189493433395872420
160.0,13.15,77.4,38.7,0.241875
160.1,13.15,77.4,38.7,0.2417239225484072454715802623360400
160.2,13.15,77.4,38.7,0.2415730337078651685393258426966292
160.3,13.15,77.4,38.7,0.2414223331253898939488459139114161
160.4,13.15,77.4,38.7,0.2412718204488778054862842892768080
160.5,13.15,77.4,38.7,0.2411214953271028037383177570093458
160.6,13.15,77.4,38.7,0.2409713574097135740971357409713574
160.7,13.15,77.4,38.7,0.2408214063472308649657747355320473
160.8,13.15,77.4,38.7,0.2406716417910447761194029850746269
160.9,13.15,77.4,38.7,0.2405220633934120571783716594157862
161.0,13.15,77.4,38.7,0.2403726708074534161490683229813665
161.1,13.15,77.4,38.7,0.2402234636871508379888268156424581
161.2,13.15,77.4,38.7,0.2400744416873449131513647642679901
161.3,13.15,77.4,38.7,0.2399256044637321760694358338499690
161.4,13.15,77.4,38.7,0.2397769516728624535315985130111524
161.5,13.15,77.4,38.7,0.2396284829721362229102167182662539
161.6,13.15,77.4,38.7,0.2394801980198019801980198019801980
161.7,13.15,77.4,38.7,0.2393320964749536178107606679035250
161.8,13.15,77.4,38.7,0.2391841779975278121137206427688504
161.9,13.15,77.4,38.7,0.2390364422483014206300185299567634
162.0,13.15,77.4,38.7,0.2388888888888888888888888888888889
162.1,13.15,77.4,38.7,0.2387415175817396668723010487353486
162.2,13.15,77.4,38.7,0.2385943279901356350184956843403206
162.3,13.15,77.4,38.7,0.2384473197781885397412199630314233
162.4,13.15,77.4,38.7,0.2383004926108374384236453201970443
162.5,13.15,77.4,38.7,0.2381538461538461538461538461538462
162.6,13.15,77.4,38.7,0.2380073800738007380073800738007380
162.7,13.15,77.4,38.7,0.2378610940381069452980946527350953
162.8,13.15,77.4,38.7,0.2377149877149877149877149877149877
162.9,13.15,77.4,38.7,0.2375690607734806629834254143646409
163.0,13.15,77.4,38.7,0.2374233128834355828220858895705521
163.1,13.15,77.4,38.7,0.2372777437155119558553034947884733
163.2,13.15,77.4,38.7,0.2371323529411764705882352941176471
163.3,13.15,77.4,38.7,0.2369871402327005511328842620943050
163.4,13.15,77.4,38.7,0.2368421052631578947368421052631579
163.5,13.15,77.4,38.7,0.2366972477064220183486238532110092
163.6,13.15,77.4,38.7,0.2365525672371638141809290953545232
163.7,13.15,77.5,38.75,0.2367135003054367745876603543066585
163.8,13.15,77.7,38.85,0.2371794871794871794871794871794872
163.9,13.15,77.9,38.95,0.2376449054301403294691885295912142
164.0,13.15,78.1,39.05,0.2381097560975609756097560975609756
164.1,13.15,78.3,39.15,0.2385740402193784277879341864716636
164.2,13.15,78.5,39.25,0.2390377588306942752740560292326431
164.3,13.15,78.7,39.35,0.2395009129640900791235544735240414
164.4,13.15,78.9,39.45,0.2399635036496350364963503649635036
164.5,13.15,79.1,39.55,0.2404255319148936170212765957446809
164.6,13.15,79.3,39.65,0.2408869987849331713244228432563791
164.7,13.15,79.5,39.75,0.2413479052823315118397085610200364
164.8,13.15,79.7,39.85,0.2418082524271844660194174757281553
164.9,13.15,79.9,39.95,0.2422680412371134020618556701030928
165.0,13.15,80.1,40.05,0.2427272727272727272727272727272727
165.1,13.15,80.3,40.15,0.2431859479103573591762568140520896
165.2,13.15,80.5,40.25,0.2436440677966101694915254237288136
165.3,13.15,80.7,40.35,0.2441016333938294010889292196007260
165.4,13.15,80.9,40.45,0.2445586457073760580411124546553809
165.5,13.15,81.1,40.55,0.2450151057401812688821752265861027
165.6,13.15,81.3,40.65,0.2454710144927536231884057971014493
165.7,13.15,81.5,40.75,0.2459263729631864815932407966203983
165.8,13.15,81.7,40.85,0.2463811821471652593486127864897467
165.9,13.15,81.9,40.95,0.2468354430379746835443037974683544
166.0,13.15,82.1,41.05,0.2472891566265060240963855421686747
166.1,13.15,82.3,41.15,0.2477423239012642986152919927754365
166.2,13.15,82.5,41.25,0.2481949458483754512635379061371841
166.3,13.15,82.7,41.35,0.2486470234515935057125676488274203
166.4,13.15,82.9,41.45,0.2490985576923076923076923076923077
166.5,13.15,83.1,41.55,0.2495495495495495495495495495495495
166.6,13.15,83.3,41.65,0.25
166.7,13.15,83.5,41.75,0.2504499100179964007198560287942412
166.8,13.15,83.7,41.85,0.2508992805755395683453237410071942
166.9,13.15,83.9,41.95,0.2513481126423007789095266626722588
167.0,13.15,84.1,42.05,0.2517964071856287425149700598802395
167.1,13.15,84.3,42.15,0.2522441651705565529622980251346499
167.2,13.15,84.5,42.25,0.2526913875598086124401913875598086
167.3,13.15,84.7,42.35,0.2531380753138075313807531380753138
167.4,13.15,84.9,42.45,0.2535842293906810035842293906810036
167.5,13.15,85.1,42.55,0.2540298507462686567164179104477612
167.6,13.15,85.3,42.65,0.2544749403341288782816229116945107
167.7,13.15,85.5,42.75,0.2549194991055456171735241502683363
167.8,13.15,85.7,42.85,0.2553635280095351609058402860548272
167.9,13.15,85.9,42.95,0.2558070279928528886241810601548541
168.0,13.15,86.1,43.05,0.25625
168.1,13.15,86.3,43.15,0.2566924449732302201070791195716835
168.2,13.15,86.5,43.25,0.2571343638525564803804994054696790
168.3,13.15,86.7,43.35,0.2575757575757575757575757575757576
168.4,13.15,86.9,43.45,0.2580166270783847980997624703087886
168.5,13.15,87.1,43.55,0.2584569732937685459940652818991098
168.6,13.15,87.3,43.65,0.2588967971530249110320284697508897
168.7,13.15,87.5,43.75,0.2593360995850622406639004149377593
168.8,13.15,87.7,43.85,0.2597748815165876777251184834123223
168.9,13.15,87.9,43.95,0.2602131438721136767317939609236234
169.0,13.15,88.1,44.05,0.2606508875739644970414201183431953
169.1,13.15,88.3,44.15,0.2610881135422826729745712596096984
169.2,13.15,88.5,44.25,0.2615248226950354609929078014184397
169.3,13.15,88.7,44.35,0.2619610159480212640283520378027171
169.4,13.15,88.9,44.45,0.2623966942148760330578512396694215
169.5,13.15,89.1,44.55,0.2628318584070796460176991150442478
169.6,13.15,89.3,44.65,0.2632665094339622641509433962264151
169.7,13.15,89.5,44.75,0.2637006482027106658809664113140837
169.8,13.15,89.7,44.85,0.2641342756183745583038869257950530
169.9,13.15,89.9,44.95,0.2645673925838728663919952913478517
170.0,13.15,90.1,45.05,0.265
170.1,13.15,90.3,45.15,0.2654320987654320987654320987654321
170.2,13.15,90.5,45.25,0.2658636897767332549941245593419506
170.3,13.15,90.7,45.35,0.2662947739283617146212566059894304
170.4,13.15,90.9,45.45,0.2667253521126760563380281690140845
170.5,13.15,91.1,45.55,0.2671554252199413489736070381231672
170.6,13.15,91.3,45.65,0.2675849941383352872215709261430246
170.7,13.15,91.5,45.75,0.2680140597539543057996485061511424
170.8,13.15,91.7,45.85,0.2684426229508196721311475409836066
170.9,13.15,91.9,45.95,0.2688706846108835576360444704505559
171.0,13.15,92.1,46.05,0.2692982456140350877192982456140351
171.1,13.15,92.3,46.15,0.2697253068381063705435417884278200
171.2,13.15,92.5,46.25,0.2701518691588785046728971962616822
171.3,13.15,92.7,46.35,0.2705779334500875656742556917688266
171.4,13.15,92.9,46.45,0.2710035005834305717619603267211202
171.5,13.15,93.1,46.55,0.2714285714285714285714285714285714
171.6,13.15,93.3,46.65,0.2718531468531468531468531468531469
171.7,13.15,93.5,46.75,0.2722772277227722772277227722772277
171.8,13.15,93.7,46.85,0.2727008149010477299185098952270081
171.9,13.15,93.9,46.95,0.2731239092495636998254799301919721
172.0,13.15,94.1,47.05,0.2735465116279069767441860465116279
172.1,13.15,94.3,47.15,0.2739686228936664729808251016850668
172.2,13.15,94.5,47.25,0.2743902439024390243902439024390244
172.3,13.15,94.7,47.35,0.2748113755078351712130005803830528
172.4,13.15,94.9,47.45,0.2752320185614849187935034802784223
172.5,13.15,95.1,47.55,0.2756521739130434782608695652173913
172.6,13.20,95.2,47.6,0.2757821552723059096176129779837775
172.7,13.30,95.2,47.6,0.2756224667052692530399536768963521
172.8,13.40,95.2,47.6,0.2754629629629629629629629629629630
172.9,13.50,95.2,47.6,0.2753036437246963562753036437246964
173.0,13.60,95.2,47.6,0.2751445086705202312138728323699422
173.1,13.70,95.2,47.6,0.2749855574812247255921432697862507
173.2,13.80,95.2,47.6,0.2748267898383371824480369515011547
173.3,13.90,95.2,47.6,0.2746682054241200230813618003462204
173.4,14.00,95.2,47.6,0.2745098039215686274509803921568627
173.5,14.10,95.2,47.6,0.2743515850144092219020172910662824
173.6,14.15,95.2,47.6,0.2741935483870967741935483870967742
173.7,14.15,95.2,47.6,0.2740356937248128957973517559009787
173.8,14.15,95.2,47.6,0.2738780207134637514384349827387802
173.9,14.15,95.2,47.6,0.2737205290396779758481886141460610
174.0,14.15,95.2,47.6,0.2735632183908045977011494252873563
174.1,14.15,95.2,47.6,0.2734060884549109707064905226881103
174.2,14.15,95.2,47.6,0.2732491389207807118254879448909300
174.3,14.15,95.2,47.6,0.2730923694779116465863453815261044
174.4,14.15,95.2,47.6,0.2729357798165137614678899082568807
174.5,14.15,95.2,47.6,0.2727793696275071633237822349570201
174.6,14.15,95.2,47.6,0.2726231386025200458190148911798396
174.7,14.15,95.2,47.6,0.2724670864338866628506010303377218
174.8,14.15,95.2,47.6,0.2723112128146453089244851258581236
174.9,14.15,95.2,47.6,0.2721555174385363064608347627215552
175.0,14.15,95.2,47.6,0.272
175.1,14.15,95.2,47.6,0.2718446601941747572815533980582524
175.2,14.15,95.2,47.6,0.2716894977168949771689497716894977
175.3,14.15,95.2,47.6,0.2715345122646891043924700513405590
175.4,14.15,95.2,47.6,0.2713797035347776510832383124287343
175.5,14.15,95.2,47.6,0.2712250712250712250712250712250712
175.6,14.15,95.2,47.6,0.2710706150341685649202733485193622
175.7,14.15,95.2,47.6,0.2709163346613545816733067729083665
175.8,14.15,95.2,47.6,0.2707622298065984072810011376564278
175.9,14.15,95.2,47.6,0.2706083001705514496873223422399090
176.0,14.15,95.2,47.6,0.2704545454545454545454545454545455
176.1,14.15,95.2,47.6,0.2703009653605905735377626348665531
176.2,14.15,95.2,47.6,0.2701475595913734392735527809307605
176.3,14.15,95.2,47.6,0.2699943278502552467385138967668746
176.4,14.15,95.2,47.6,0.2698412698412698412698412698412698
176.5,14.15,95.2,47.6,0.2696883852691218130311614730878187
176.6,14.15,95.2,47.6,0.2695356738391845979614949037372593
176.7,14.15,95.2,47.6,0.2693831352574985851726089417091115
176.8,14.15,95.2,47.6,0.2692307692307692307692307692307692
176.9,14.15,95.2,47.6,0.2690785754663651780667043527416620
177.0,14.15,95.2,47.6,0.2689265536723163841807909604519774
177.1,14.15,95.2,47.6,0.2687747035573122529644268774703557
177.2,14.15,95.2,47.6,0.2686230248306997742663656884875847
177.3,14.15,95.2,47.6,0.2684715172024816694867456288776086
177.4,14.15,95.2,47.6,0.2683201803833145434047350620067644
177.5,14.15,95.2,47.6,0.2681690140845070422535211267605634
177.6,14.15,95.2,47.6,0.2680180180180180180180180180180180
177.7,14.15,95.2,47.6,0.2678671918964546989307822172200338
177.8,14.15,95.2,47.6,0.2677165354330708661417322834645669
177.9,14.15,95.2,47.6,0.2675660483417650365373805508712760
178.0,14.15,95.2,47.6,0.2674157303370786516853932584269663
178.1,14.15,95.2,47.6,0.2672655811341942728804042672655811
178.2,14.15,95.2,47.6,0.2671156004489337822671156004489338
178.3,14.15,95.2,47.6,0.2669657879977565900168255748738082
178.4,14.15,95.2,47.6,0.2668161434977578475336322869955157
178.5,14.15,95.2,47.6,0.2666666666666666666666666666666667
178.6,14.15,95.2,47.6,0.2665173572228443449048152295632699
178.7,14.15,95.2,47.6,0.2663682148852825965304980414101847
178.8,14.15,95.2,47.6,0.2662192393736017897091722595078300
178.9,14.15,95.2,47.6,0.2660704304080491894913359418669648
179.0,14.15,95.2,47.6,0.2659217877094972067039106145251397
179.1,14.15,95.2,47.6,0.2657733109994416527079843662758236
179.2,14.15,95.2,47.6,0.265625
179.3,14.15,95.2,47.6,0.2654768544339096486335750139431121
179.4,14.15,95.2,47.6,0.2653288740245261984392419175027871
179.5,14.15,95.2,47.6,0.2651810584958217270194986072423398
179.6,14.15,95.2,47.6,0.2650334075723830734966592427616927
179.7,14.15,95.2,47.6,0.2648859209794101279910962715637173
179.8,14.15,95.2,47.6,0.2647385984427141268075639599555061
179.9,14.15,95.2,47.6,0.2645914396887159533073929961089494
180.0,14.15,95.2,47.6,0.2644444444444444444444444444444444
180.1,14.15,95.2,47.6,0.2642976124375347029428095502498612
180.2,14.15,95.2,47.6,0.2641509433962264150943396226415094
180.3,14.15,95.2,47.6,0.2640044370493621741541874653355519
180.4,14.15,95.2,47.6,0.2638580931263858093126385809312639
180.5,14.15,95.2,47.6,0.2637119113573407202216066481994460
180.6,14.15,95.2,47.6,0.2635658914728682170542635658914729
180.7,14.15,95.2,47.6,0.2634200332042058660763696734919757
180.8,14.15,95.2,47.6,0.2632743362831858407079646017699115
180.9,14.15,95.2,47.6,0.2631288004422332780541735765616363
181.0,14.15,95.2,47.6,0.2629834254143646408839779005524862
181.1,14.15,95.2,47.6,0.2628382109331860850358917725013805
181.2,14.15,95.2,47.6,0.2626931567328918322295805739514349
181.3,14.15,95.2,47.6,0.2625482625482625482625482625482625
181.4,14.15,95.2,47.6,0.2624035281146637265711135611907387
181.5,14.15,95.2,47.6,0.2622589531680440771349862258953168
181.6,14.15,95.2,47.6,0.2621145374449339207048458149779736
181.7,14.15,95.2,47.6,0.2619702806824435883324160704457898
181.8,14.15,95.2,47.6,0.2618261826182618261826182618261826
181.9,14.15,95.2,47.6,0.2616822429906542056074766355140187
182.0,14.15,95.2,47.6,0.2615384615384615384615384615384615
182.1,14.15,95.2,47.6,0.2613948380010982976386600768808347
182.2,14.15,95.2,47.6,0.2612513721185510428100987925356751
182.3,14.15,95.2,47.6,0.2611080636313768513439385628085573
182.4,14.15,95.2,47.6,0.2609649122807017543859649122807018
182.5,14.15,95.2,47.6,0.2608219178082191780821917808219178
182.6,14.15,95.2,47.6,0.2606790799561883899233296823658269
182.7,14.15,95.2,47.6,0.2605363984674329501915708812260536
182.8,14.15,95.2,47.6,0.2603938730853391684901531728665208
182.9,14.15,95.3,47.65,0.2605248769819573537452159650082012
183.0,14.15,95.5,47.75,0.2609289617486338797814207650273224
183.1,14.15,95.7,47.85,0.2613326051338066630256690333151283
183.2,14.15,95.9,47.95,0.2617358078602620087336244541484716
183.3,14.15,96.1,48.05,0.2621385706492089470812875068194217
183.4,14.15,96.3,48.15,0.2625408942202835332606324972737186
183.5,14.15,96.5,48.25,0.2629427792915531335149863760217984
183.6,14.15,96.7,48.35,0.2633442265795206971677559912854031
183.7,14.15,96.9,48.45,0.2637452367991290146978769733260751
183.8,14.15,97.1,48.55,0.2641458106637649619151251360174102
183.9,14.15,97.3,48.65,0.2645459488852637302882001087547580
184.0,14.15,97.5,48.75,0.2649456521739130434782608695652174
184.1,14.15,97.7,48.85,0.2653449212384573601303639326453015
184.2,14.15,97.9,48.95,0.2657437567861020629750271444082519
184.3,14.15,98.1,49.05,0.2661421595225176342919153553988063
184.4,14.15,98.3,49.15,0.2665401301518438177874186550976139
184.5,14.15,98.5,49.25,0.2669376693766937669376693766937669
184.6,14.15,98.7,49.35,0.2673347778981581798483206933911159
184.7,14.15,98.9,49.45,0.2677314564158094206821873308067136
184.8,14.15,99.1,49.55,0.2681277056277056277056277056277056
184.9,14.15,99.3,49.65,0.2685235262303948080043266630611141
185.0,14.15,99.5,49.75,0.2689189189189189189189189189189189
185.1,14.15,99.7,49.85,0.2693138843868179362506753106428957
185.2,14.15,99.9,49.95,0.2697084233261339092872570194384449
185.3,14.15,100.1,50.05,0.2701025364274150026983270372369131
185.4,14.15,100.3,50.15,0.2704962243797195253505933117583603
185.5,14.15,100.5,50.25,0.2708894878706199460916442048517520
185.6,14.15,100.7,50.35,0.2712823275862068965517241379310345
185.7,14.15,100.9,50.45,0.2716747442110931610123855681206247
185.8,14.15,101.1,50.55,0.2720667384284176533907427341227126
185.9,14.15,101.3,50.65,0.2724583109198493813878429263044648
186.0,14.15,101.5,50.75,0.2728494623655913978494623655913978
186.1,14.15,101.7,50.85,0.2732401934443847393874261149919398
186.2,14.15,101.9,50.95,0.2736305048335123523093447905477981
186.3,14.15,102.1,51.05,0.2740203972088030059044551798174987
186.4,14.15,102.3,51.15,0.2744098712446351931330472103004292
186.5,14.15,102.5,51.25,0.2747989276139410187667560321715818
186.6,14.15,102.7,51.35,0.2751875669882100750267952840300107
186.7,14.15,102.9,51.45,0.2755757900374933047670058918050348
186.8,14.15,103.1,51.55,0.2759635974304068522483940042826552
186.9,14.15,103.3,51.65,0.2763509898341359015516318887105404
187.0,14.15,103.5,51.75,0.2767379679144385026737967914438503
187.1,14.15,103.7,51.85,0.2771245323356493853554249064671299
187.2,14.15,103.9,51.95,0.2775106837606837606837606837606838
187.3,14.15,104.1,52.05,0.2778964228510411105178857447944474
187.4,14.15,104.3,52.15,0.2782817502668089647812166488794023
187.5,14.15,104.5,52.25,0.2786666666666666666666666666666667
187.6,14.15,104.7,52.35,0.2790511727078891257995735607675906
187.7,14.15,104.9,52.45,0.2794352690463505594033031433137986
187.8,14.15,105.1,52.55,0.2798189563365282215122470713525027
187.9,14.15,105.3,52.65,0.2802022352315061202767429483767962
188.0,14.15,105.5,52.75,0.2805851063829787234042553191489362
188.1,14.15,105.7,52.85,0.2809675704412546517809675704412547
188.2,14.15,105.9,52.95,0.2813496280552603613177470775770457
188.3,14.15,106.1,53.05,0.2817312798725438130642591609134360
188.4,14.15,106.3,53.15,0.2821125265392781316348195329087049
188.5,14.15,106.5,53.25,0.2824933687002652519893899204244032
188.6,14.15,106.7,53.35,0.2828738069989395546129374337221633
188.7,14.15,106.9,53.45,0.2832538420773714891361950185479597
188.8,14.15,107.1,53.55,0.2836334745762711864406779661016949
188.9,14.15,107.3,53.65,0.2840127051349920592906299629433563
189.0,14.15,107.5,53.75,0.2843915343915343915343915343915344
189.1,14.15,107.7,53.85,0.2847699629825489159175039661554733
189.2,14.15,107.9,53.95,0.2851479915433403805496828752642706
189.3,14.15,108.1,54.05,0.2855256207078711040676175382989963
189.4,14.15,108.3,54.15,0.2859028511087645195353748680042239
189.5,14.15,108.5,54.25,0.2862796833773087071240105540897098
189.6,14.15,108.7,54.35,0.2866561181434599156118143459915612
189.7,14.15,108.9,54.45,0.2870321560358460727464417501317870
189.8,14.15,109.1,54.55,0.2874077976817702845100105374077977
189.9,14.15,109.3,54.65,0.2877830437072143233280674038967878
190.0,14.15,109.5,54.75,0.2881578947368421052631578947368421
190.1,14.15,109.7,54.85,0.2885323513940031562335612835349816
190.2,14.15,109.9,54.95,0.2889064143007360672975814931650894
190.3,14.15,110.1,55.05,0.2892800840777719390436153441933789
190.4,14.15,110.3,55.15,0.2896533613445378151260504201680672
190.5,14.15,110.5,55.25,0.2900262467191601049868766404199475
190.6,14.15,110.7,55.35,0.2903987408184679958027282266526758
190.7,14.15,110.9,55.45,0.2907708442579968536969061352910330
190.8,14.15,111.1,55.55,0.2911425576519916142557651991614256
190.9,14.15,111.3,55.65,0.2915138816134101623886851754845469
191.0,14.15,111.5,55.75,0.2918848167539267015706806282722513
191.1,14.15,111.7,55.85,0.2922553636839351125065410779696494
191.2,14.15,111.9,55.95,0.2926255230125523012552301255230126
191.3,14.15,112.1,56.05,0.2929952953476215368531102979613173
191.4,14.15,112.3,56.15,0.2933646812957157784743991640543365
191.5,14.15,112.5,56.25,0.2937336814621409921671018276762402
191.6,14.15,112.7,56.35,0.2941022964509394572025052192066806
191.7,14.15,112.9,56.45,0.2944705268648930620761606677099635
191.8,14.15,113.1,56.55,0.2948383733055265901981230448383733
191.9,14.15,113.3,56.65,0.2952058363731109953100573215216258
192.0,14.15,113.5,56.75,0.2955729166666666666666666666666667
192.1,14.15,113.7,56.85,0.2959396147839666840187402394586153
192.2,14.15,113.9,56.95,0.2963059313215400624349635796045786
192.3,14.15,114.1,57.05,0.2966718668746749869994799791991680
192.4,14.15,114.3,57.15,0.2970374220374220374220374220374220
192.5,14.15,114.5,57.25,0.2974025974025974025974025974025974
192.6,14.15,114.7,57.35,0.2977673935617860851505711318795431
192.7,14.15,114.9,57.45,0.2981318111053450960041515308770109
192.8,14.15,115.1,57.55,0.2984958506224066390041493775933610
192.9,14.15,115.3,57.65,0.2988595127008812856402280974598237
193.0,14.15,115.5,57.75,0.2992227979274611398963730569948187
193.1,14.15,115.7,57.85,0.2995857068876229932677369238736406
193.2,14.15,115.9,57.95,0.2999482401656314699792960662525880
193.3,14.15,116.1,58.05,0.3003103983445421624418003103983445
193.4,14.15,116.3,58.15,0.3006721820062047569803516028955533
193.5,14.15,116.5,58.25,0.3010335917312661498708010335917313
193.6,14.15,116.7,58.35,0.3013946280991735537190082644628099
193.7,14.15,116.9,58.45,0.3017552916881775942178626742385132
193.8,14.15,117.1,58.55,0.3021155830753353973168214654282766
193.9,14.15,117.3,58.65,0.3024755028365136668385765858690046
194.0,14.15,117.5,58.75,0.3028350515463917525773195876288660
194.1,14.15,117.7,58.85,0.3031942297784647089129314786192684
194.2,14.15,117.9,58.95,0.3035530381050463439752832131822863
194.3,14.15,118.1,59.05,0.3039114770972722593926917138445703
194.4,14.15,118.3,59.15,0.3042695473251028806584362139917695
194.5,14.15,118.5,59.25,0.3046272493573264781491002570694087
194.6,14.15,118.7,59.35,0.3049845837615621788283658787255910
194.7,14.15,118.9,59.45,0.3053415511042629686697483307652799
194.8,14.15,119.1,59.55,0.3056981519507186858316221765913758
194.9,14.15,119.3,59.65,0.3060543868650590046177526936890713
195.0,14.15,119.5,59.75,0.3064102564102564102564102564102564
195.1,14.15,119.7,59.85,0.3067657611481291645310097385955920
195.2,14.15,119.9,59.95,0.3071209016393442622950819672131148
195.3,14.15,120.1,60.05,0.3074756784434203789042498719918075
195.4,14.15,120.3,60.15,0.3078300921187308085977482088024565
195.5,14.15,120.5,60.25,0.3081841432225063938618925831202046
195.6,14.15,120.7,60.35,0.3085378323108384458077709611451943
195.7,14.15,120.9,60.45,0.3088911599386816555952989269289729
195.8,14.15,121.1,60.55,0.3092441266598569969356486210418795
195.9,14.15,121.3,60.65,0.3095967330270546197039305768249107
196.0,14.15,121.5,60.75,0.3099489795918367346938775510204082
196.1,14.15,121.7,60.85,0.3103008669046404895461499235084141
196.2,14.15,121.9,60.95,0.3106523955147808358817533129459735
196.3,14.15,122.1,61.05,0.3110035659704533876719307182883342
196.4,14.15,122.3,61.15,0.3113543788187372708757637474541752
196.5,14.15,122.5,61.25,0.3117048346055979643765903307888041
196.6,14.15,122.7,61.35,0.3120549338758901322482197355035605
196.7,14.15,122.9,61.45,0.3124046771733604473817996949669548
196.8,14.15,123.1,61.55,0.3127540650406504065040650406504065
196.9,14.15,123.3,61.65,0.3131030980192991366175723717623159
197.0,14.15,123.5,61.75,0.3134517766497461928934010152284264
197.1,14.15,123.7,61.85,0.3138001014713343480466768138001015
197.2,14.15,123.9,61.95,0.3141480730223123732251521298174442
197.3,14.15,124.1,62.05,0.3144956918398378104409528636594019
197.4,14.15,124.3,62.15,0.3148429584599797365754812563323202
197.5,14.15,124.5,62.25,0.3151898734177215189873417721518987
197.6,14.15,124.7,62.35,0.3155364372469635627530364372469636
197.7,14.15,124.9,62.45,0.3158826504805260495700556398583713
197.8,14.15,125.1,62.55,0.3162285136501516683518705763397371
197.9,14.15,125.3,62.65,0.3165740272865083375442142496210207
198.0,14.15,125.5,62.75,0.3169191919191919191919191919191919
198.1,14.15,125.7,62.85,0.3172640080767289247854618879353862
198.2,14.15,125.9,62.95,0.3176084762865792129162462159434914
198.3,14.15,126.1,63.05,0.3179525970751386787695410993444276
198.4,14.15,126.3,63.15,0.3182963709677419354838709677419355
198.5,14.15,126.5,63.25,0.3186397984886649874055415617128463
198.6,14.20,126.6,63.3,0.3187311178247734138972809667673716
198.7,14.30,126.6,63.3,0.3185707096124811273276295923502768
198.8,14.40,126.6,63.3,0.3184104627766599597585513078470825
198.9,14.50,126.6,63.3,0.3182503770739064856711915535444947
199.0,14.60,126.6,63.3,0.3180904522613065326633165829145729
199.1,14.70,126.6,63.3,0.3179306880964339527875439477649422
199.2,14.80,126.6,63.3,0.3177710843373493975903614457831325
199.3,14.90,126.6,63.3,0.3176116407425990968389362769693929
199.4,15.00,126.6,63.3,0.3174523570712136409227683049147442
199.5,15.10,126.6,63.3,0.3172932330827067669172932330827068
199.6,15.15,126.6,63.3,0.3171342685370741482965931863727455
199.7,15.15,126.6,63.3,0.3169754631947921882824236354531798
199.8,15.15,126.6,63.3,0.3168168168168168168168168168168168
199.9,15.15,126.6,63.3,0.3166583291645822911455727863931966
200.0,15.15,126.6,63.3,0.3165
200.1,15.15,126.6,63.3,0.3163418290854572713643178410794603
200.2,15.15,126.6,63.3,0.3161838161838161838161838161838162
200.3,15.15,126.6,63.3,0.3160259610584123814278582126809785
200.4,15.15,126.6,63.3,0.3158682634730538922155688622754491
200.5,15.15,126.6,63.3,0.3157107231920199501246882793017456
200.6,15.15,126.6,63.3,0.3155533399800598205383848454636092
200.7,15.15,126.6,63.3,0.3153961136023916292974588938714499
200.8,15.15,126.6,63.3,0.3152390438247011952191235059760956
200.9,15.15,126.6,63.3,0.3150821304131408661025385764061722
201.0,15.15,126.6,63.3,0.3149253731343283582089552238805970
201.1,15.15,126.6,63.3,0.3147687717553455992043759323719543
201.2,15.15,126.6,63.3,0.3146123260437375745526838966202783
201.3,15.15,126.6,63.3,0.3144560357675111773472429210134128
201.4,15.15,126.6,63.3,0.3142999006951340615690168818272095
201.5,15.15,126.6,63.3,0.3141439205955334987593052109181141
201.6,15.15,126.6,63.3,0.3139880952380952380952380952380952
201.7,15.15,126.6,63.3,0.3138324243926623698562221120475954
201.8,15.15,126.6,63.3,0.3136769078295341922695738354806739
201.9,15.15,126.6,63.3,0.3135215453194650817236255572065379
202.0,15.15,126.6,63.3,0.3133663366336633663366336633663366
202.1,15.15,126.6,63.3,0.3132112815437902028698664027709055
202.2,15.15,126.6,63.3,0.3130563798219584569732937685459941
202.3,15.15,126.6,63.3,0.3129016312407315867523479980227385
202.4,15.15,126.6,63.3,0.3127470355731225296442687747035573
202.5,15.15,126.6,63.3,0.3125925925925925925925925925925926
202.6,15.15,126.6,63.3,0.3124383020730503455083909180651530
202.7,15.15,126.6,63.3,0.3122841637888505180069067587567834
202.8,15.15,126.6,63.3,0.3121301775147928994082840236686391
202.9,15.15,126.6,63.3,0.3119763430261212419911286347954657
203.0,15.15,126.6,63.3,0.3118226600985221674876847290640394
203.1,15.15,126.6,63.3,0.3116691285081240768094534711964549
203.2,15.15,126.6,63.3,0.3115157480314960629921259842519685
203.3,15.15,126.6,63.3,0.3113625184456468273487456960157403
203.4,15.15,126.6,63.3,0.3112094395280235988200589970501475
203.5,15.15,126.6,63.3,0.3110565110565110565110565110565111
203.6,15.15,126.6,63.3,0.3109037328094302554027504911591356
203.7,15.15,126.6,63.3,0.3107511045655375552282768777614138
203.8,15.15,126.6,63.3,0.3105986261040235525024533856722277
203.9,15.15,126.6,63.3,0.3104462972045120156939676311917607
204.0,15.15,126.6,63.3,0.3102941176470588235294117647058824
204.1,15.15,126.6,63.3,0.3101420872121509064184223419892210
204.2,15.15,126.6,63.3,0.3099902056807051909892262487757101
204.3,15.15,126.6,63.3,0.3098384728340675477239353891336270
204.4,15.15,126.6,63.3,0.3096868884540117416829745596868885
204.5,15.15,126.6,63.3,0.3095354523227383863080684596577017
204.6,15.15,126.6,63.3,0.3093841642228739002932551319648094
204.7,15.15,126.6,63.3,0.3092330239374694675134342940889106
204.8,15.15,126.6,63.3,0.30908203125
204.9,15.15,126.6,63.3,0.3089311859443631039531478770131772
205.0,15.15,126.6,63.3,0.3087804878048780487804878048780488
205.1,15.15,126.6,63.3,0.3086299366162847391516333495855680
205.2,15.15,126.6,63.3,0.3084795321637426900584795321637427
205.3,15.15,126.6,63.3,0.3083292742328300048709206039941549
205.4,15.15,126.6,63.3,0.3081791626095423563777994157740993
205.5,15.15,126.6,63.3,0.3080291970802919708029197080291971
205.6,15.15,126.6,63.3,0.3078793774319066147859922178988327
205.7,15.15,126.6,63.3,0.3077297034516285853184248906174040
205.8,15.15,126.6,63.3,0.3075801749271137026239067055393586
205.9,15.15,126.6,63.3,0.3074307916464303059737736765420107
206.0,15.15,126.6,63.3,0.3072815533980582524271844660194175
206.1,15.15,126.6,63.3,0.3071324599708879184861717612809316
206.2,15.15,126.6,63.3,0.3069835111542192046556741028128031
206.3,15.15,126.6,63.3,0.3068347067377605428986912263693650
206.4,15.15,126.6,63.3,0.3066860465116279069767441860465116
206.5,15.15,126.6,63.3,0.3065375302663438256658595641646489
206.6,15.15,126.6,63.3,0.3063891577928363988383349467570184
206.7,15.15,126.6,63.3,0.3062409288824383164005805515239478
206.8,15.15,126.6,63.3,0.3060928433268858800773694390715667
206.9,15.15,126.6,63.3,0.3059449009183180280328661188980184
207.0,15.15,126.6,63.3,0.3057971014492753623188405797101449
207.1,15.15,126.6,63.3,0.3056494447126991791405118300338001
207.2,15.15,126.6,63.3,0.3055019305019305019305019305019305
207.3,15.15,126.6,63.3,0.3053545586107091172214182344428365
207.4,15.15,126.6,63.3,0.3052073288331726133076181292189007
207.5,15.15,126.6,63.3,0.3050602409638554216867469879518072
207.6,15.15,126.6,63.3,0.3049132947976878612716763005780347
207.7,15.15,126.6,63.3,0.3047664901299951853635050553683197
207.8,15.15,126.6,63.3,0.3046198267564966313763233878729548
207.9,15.15,126.6,63.3,0.3044733044733044733044733044733045
208.0,15.15,126.6,63.3,0.3043269230769230769230769230769231
208.1,15.15,126.6,63.3,0.3041806823642479577126381547333013
208.2,15.15,126.6,63.3,0.3040345821325648414985590778097983
208.3,15.15,126.6,63.3,0.3038886221795487277964474315890542
208.4,15.15,126.6,63.3,0.3037428023032629558541266794625720
208.5,15.15,126.6,63.3,0.3035971223021582733812949640287770
208.6,15.15,126.6,63.3,0.3034515819750719079578139980824545
208.7,15.15,126.6,63.3,0.3033061811212266411116435074269286
208.8,15.15,126.6,63.3,0.3031609195402298850574712643678161
208.9,15.15,126.6,63.3,0.3030157970320727620871230253709909
209.0,15.15,126.6,63.3,0.3028708133971291866028708133971292
209.1,15.15,126.6,63.3,0.3027259684361549497847919655667145
209.2,15.15,126.6,63.3,0.3025812619502868068833652007648184
209.3,15.15,126.6,63.3,0.3024366937410415671285236502627807
209.4,15.15,126.6,63.3,0.3022922636103151862464183381088825
209.5,15.15,126.6,63.3,0.3021479713603818615751789976133652
209.6,15.15,126.6,63.3,0.3020038167938931297709923664122137
209.7,15.15,126.6,63.3,0.3018597997138769670958512160228898
209.8,15.15,126.6,63.3,0.3017159199237368922783603431839847
209.9,15.15,126.6,63.3,0.3015721772272510719390185802763221
210.0,15.15,126.6,63.3,0.3014285714285714285714285714285714
210.1,15.15,126.6,63.3,0.3012851023322227510709186101856259
210.2,15.15,126.6,63.3,0.3011417697431018078020932445290200
210.3,15.15,126.6,63.3,0.3009985734664764621968616262482168
210.4,15.15,126.6,63.3,0.3008555133079847908745247148288973
210.5,15.15,126.6,63.3,0.3007125890736342042755344418052257
210.6,15.15,126.6,63.3,0.3005698005698005698005698005698006
210.7,15.15,126.6,63.3,0.3004271476032273374466065495965828
210.8,15.15,126.6,63.3,0.3002846299810246679316888045540797
210.9,15.15,126.6,63.3,0.3001422475106685633001422475106686
211.0,15.15,126.6,63.3,0.3
211.1,15.15,126.6,63.3,0.2998578872572240644244433917574609
211.2,15.15,126.6,63.3,0.2997159090909090909090909090909091
211.3,15.15,126.6,63.3,0.2995740653099858021769995267392333
211.4,15.15,126.6,63.3,0.2994323557237464522232734153263955
211.5,15.15,126.6,63.3,0.2992907801418439716312056737588652
211.6,15.15,126.6,63.3,0.2991493383742911153119092627599244
211.7,15.15,126.6,63.3,0.2990080302314596126594237128011337
211.8,15.15,126.6,63.3,0.2988668555240793201133144475920680
211.9,15.15,126.6,63.3,0.2987258140632373761208117036337895
212.0,15.15,126.6,63.3,0.2985849056603773584905660377358491
212.1,15.15,126.6,63.3,0.2984441301272984441301272984441301
212.2,15.15,126.6,63.3,0.2983034872761545711592836946277097
212.3,15.15,126.6,63.3,0.2981629769194536033914272256241168
212.4,15.15,126.6,63.3,0.2980225988700564971751412429378531
212.5,15.15,126.6,63.3,0.2978823529411764705882352941176471
212.6,15.15,126.6,63.3,0.2977422389463781749764816556914393
212.7,15.15,126.6,63.3,0.2976022566995768688293370944992948
212.8,15.15,126.6,63.3,0.2974624060150375939849624060150376
212.9,15.15,126.6,63.3,0.2973226867073743541568811648661343
213.0,15.15,126.6,63.3,0.2971830985915492957746478873239437
213.1,15.15,126.6,63.3,0.2970436414828718911309244486156734
213.2,15.15,126.6,63.3,0.2969043151969981238273921200750469
213.3,15.15,126.6,63.3,0.2967651195499296765119549929676512
213.4,15.15,126.6,63.3,0.2966260543580131208997188378631678
213.5,15.15,126.6,63.3,0.2964871194379391100702576112412178
213.6,15.15,126.6,63.3,0.2963483146067415730337078651685393
213.7,15.15,126.6,63.3,0.2962096396817969115582592419279364
213.8,15.15,126.6,63.3,0.2960710944808231992516370439663237
213.9,15.15,126.6,63.3,0.2959326788218793828892005610098177
214.0,15.15,126.6,63.3,0.2957943925233644859813084112149533
214.1,15.15,126.6,63.3,0.2956562354040168145726296123306866
214.2,15.15,126.6,63.3,0.2955182072829131652661064425770308
214.3,15.15,126.6,63.3,0.2953803079794680354643023798413439
214.4,15.15,126.7,63.35,0.2954757462686567164179104477611940
214.5,15.15,126.9,63.45,0.2958041958041958041958041958041958
214.6,15.15,127.1,63.55,0.2961323392357875116495806150978565
214.7,15.15,127.3,63.65,0.2964601769911504424778761061946903
214.8,15.15,127.5,63.75,0.2967877094972067039106145251396648
214.9,15.15,127.7,63.85,0.2971149371800837598883201489064681
215.0,15.15,127.9,63.95,0.2974418604651162790697674418604651
215.1,15.15,128.1,64.05,0.2977684797768479776847977684797768
215.2,15.15,128.3,64.15,0.2980947955390334572490706319702602
215.3,15.15,128.5,64.25,0.2984208081746400371574547143520669
215.4,15.15,128.7,64.35,0.2987465181058495821727019498607242
215.5,15.15,128.9,64.45,0.2990719257540603248259860788863109
215.6,15.15,129.1,64.55,0.2993970315398886827458256029684601
215.7,15.15,129.3,64.65,0.2997218358831710709318497913769124
215.8,15.15,129.5,64.75,0.3000463392029657089898053753475440
215.9,15.15,129.7,64.85,0.3003705419175544233441408059286707
216.0,15.15,129.9,64.95,0.3006944444444444444444444444444444
216.1,15.15,130.1,65.05,0.3010180472003701989819527996298010
216.2,15.15,130.3,65.15,0.3013413506012950971322849213691027
216.3,15.15,130.5,65.25,0.3016643550624133148404993065187240
216.4,15.15,130.7,65.35,0.3019870609981515711645101663585952
216.5,15.15,130.9,65.45,0.3023094688221709006928406466512702
216.6,15.15,131.1,65.55,0.3026315789473684210526315789473684
216.7,15.15,131.3,65.65,0.3029533917858790955237655745269958
216.8,15.15,131.5,65.75,0.3032749077490774907749077490774908
216.9,15.15,131.7,65.85,0.3035961272475795297372060857538036
217.0,15.15,131.9,65.95,0.3039170506912442396313364055299539
217.1,15.15,132.1,66.05,0.3042376784891754951635191156149240
217.2,15.15,132.3,66.15,0.3045580110497237569060773480662983
217.3,15.15,132.5,66.25,0.3048780487804878048780487804878049
217.4,15.15,132.7,66.35,0.3051977920883164673413063477460902
217.5,15.15,132.9,66.45,0.3055172413793103448275862068965517
217.6,15.15,133.1,66.55,0.3058363970588235294117647058823529
217.7,15.15,133.3,66.65,0.3061552595314653192466697289848415
217.8,15.15,133.5,66.75,0.3064738292011019283746556473829201
217.9,15.15,133.7,66.85,0.3067921064708581918311151904543369
218.0,15.15,133.9,66.95,0.3071100917431192660550458715596330
218.1,15.15,134.1,67.05,0.3074277854195323246217331499312242
218.2,15.15,134.3,67.15,0.3077451879010082493125572868927589
218.3,15.15,134.5,67.25,0.3080622995877233165368758589097572
218.4,15.15,134.7,67.35,0.3083791208791208791208791208791209
218.5,15.15,134.9,67.45,0.3086956521739130434782608695652174
218.6,15.15,135.1,67.55,0.3090118938700823421774931381518756
218.7,15.15,135.3,67.65,0.3093278463648834019204389574759945
218.8,15.15,135.5,67.75,0.3096435100548446069469835466179159
218.9,15.15,135.7,67.85,0.3099588853357697578803106441297396
219.0,15.15,135.9,67.95,0.3102739726027397260273972602739726
219.1,15.15,136.1,68.05,0.3105887722501141031492469192149703
219.2,15.15,136.3,68.15,0.3109032846715328467153284671532847
219.3,15.15,136.5,68.25,0.3112175102599179206566347469220246
219.4,15.15,136.7,68.35,0.3115314494074749316317228805834093
219.5,15.15,136.9,68.45,0.3118451025056947608200455580865604
219.6,15.15,137.1,68.55,0.3121584699453551912568306010928962
219.7,15.15,137.3,68.65,0.3124715521165225307237141556668184
219.8,15.15,137.5,68.75,0.3127843494085532302092811646951774
219.9,15.15,137.7,68.85,0.3130968622100954979536152796725784
220.0,15.15,137.9,68.95,0.3134090909090909090909090909090909
220.1,15.15,138.1,69.05,0.3137210358927760109041344843253067
220.2,15.15,138.3,69.15,0.3140326975476839237057220708446866
220.3,15.15,138.5,69.25,0.3143440762596459373581479800272356
220.4,15.15,138.7,69.35,0.3146551724137931034482758620689655
220.5,15.15,138.9,69.45,0.3149659863945578231292517006802721
220.6,15.15,139.1,69.55,0.3152765185856754306436990027198549
220.7,15.15,139.3,69.65,0.3155867693701857725419120978704123
220.8,15.15,139.5,69.75,0.3158967391304347826086956521739130
220.9,15.15,139.7,69.85,0.3162064282480760525124490719782707
221.0,15.15,139.9,69.95,0.3165158371040723981900452488687783
221.1,15.15,140.1,70.05,0.3168249660786974219810040705563094
221.2,15.15,140.3,70.15,0.3171338155515370705244122965641953
221.3,15.15,140.5,70.25,0.3174423859014911884319927699954812
221.4,15.15,140.7,70.35,0.3177506775067750677506775067750678
221.5,15.15,140.9,70.45,0.3180586907449209932279909706546275
221.6,15.15,141.1,70.55,0.3183664259927797833935018050541516
221.7,15.15,141.3,70.65,0.3186738836265223274695534506089310
221.8,15.15,141.5,70.75,0.3189810640216411181244364292155095
221.9,15.15,141.7,70.85,0.3192879675529517800811176205497972
222.0,15.15,141.9,70.95,0.3195945945945945945945945945945946
222.1,15.15,142.1,71.05,0.3199009455200360198108959927960378
222.2,15.15,142.3,71.15,0.3202070207020702070207020702070207
222.3,15.15,142.5,71.25,0.3205128205128205128205128205128205
222.4,15.15,142.7,71.35,0.3208183453237410071942446043165468
222.5,15.15,142.9,71.45,0.3211235955056179775280898876404494
222.6,15.15,143.1,71.55,0.3214285714285714285714285714285714
222.7,15.15,143.3,71.65,0.3217332734620565783565334530758868
222.8,15.15,143.5,71.75,0.3220377019748653500897666068222621
222.9,15.15,143.7,71.85,0.3223418573351278600269179004037685
223.0,15.15,143.9,71.95,0.3226457399103139013452914798206278
223.1,15.15,144.1,72.05,0.3229493500672344240251008516360377
223.2,15.15,144.3,72.15,0.3232526881720430107526881720430108
223.3,15.15,144.5,72.25,0.3235557545902373488580385132109270
223.4,15.15,144.7,72.35,0.3238585496866606982990152193375112
223.5,15.15,144.9,72.45,0.3241610738255033557046979865771812
223.6,15.15,145.1,72.55,0.3244633273703041144901610017889088
223.7,15.15,145.3,72.65,0.3247653106839517210549843540455968
223.8,15.15,145.5,72.75,0.3250670241286863270777479892761394
223.9,15.15,145.7,72.85,0.3253684680661009379187137114783385
224.0,15.15,145.9,72.95,0.3256696428571428571428571428571429
224.1,15.15,146.1,73.05,0.3259705488621151271753681392235609
224.2,15.15,146.3,73.15,0.3262711864406779661016949152542373
224.3,15.15,146.5,73.25,0.3265715559518502006241640659830584
224.4,15.15,146.7,73.35,0.3268716577540106951871657754010695
224.5,15.15,146.9,73.45,0.3271714922048997772828507795100223
224.6,15.20,147.0,73.5,0.3272484416740872662511130899376670
224.7,15.30,147.0,73.5,0.3271028037383177570093457943925234
224.8,15.40,147.0,73.5,0.3269572953736654804270462633451957
224.9,15.50,147.0,73.5,0.3268119164072921298354824366385060
225.0,15.60,147.0,73.5,0.3266666666666666666666666666666667
225.1,15.70,147.0,73.5,0.3265215459795646379386939138160817
225.2,15.75,147.0,73.5,0.3263765541740674955595026642984014
225.3,15.75,147.0,73.5,0.3262316910785619174434087882822903
225.4,15.75,147.0,73.5,0.3260869565217391304347826086956522
225.5,15.75,147.0,73.5,0.3259423503325942350332594235033259
225.6,15.75,147.0,73.5,0.3257978723404255319148936170212766
225.7,15.75,147.0,73.5,0.3256535223748338502436863092600798
225.8,15.75,147.0,73.5,0.3255093002657218777679362267493357
225.9,15.75,147.0,73.5,0.3253652058432934926958831341301461
226.0,15.75,147.0,73.5,0.3252212389380530973451327433628319
226.1,15.75,147.0,73.5,0.3250773993808049535603715170278638
226.2,15.75,147.0,73.5,0.3249336870026525198938992042440318
226.3,15.75,147.0,73.5,0.3247901016349977905435262925320371
226.4,15.75,147.0,73.5,0.3246466431095406360424028268551237
226.5,15.75,147.0,73.5,0.3245033112582781456953642384105960
226.6,15.75,147.0,73.5,0.3243601059135039717563989408649603
226.7,15.75,147.0,73.5,0.3242170269078076753418614909572122
226.8,15.75,147.0,73.5,0.3240740740740740740740740740740741
226.9,15.75,147.0,73.5,0.3239312472454825914499779638607316
227.0,15.75,147.0,73.5,0.3237885462555066079295154185022026
227.1,15.75,147.0,73.5,0.3236459709379128137384412153236460
227.2,15.75,147.0,73.5,0.3235035211267605633802816901408451
227.3,15.75,147.0,73.5,0.3233611966564012318521777386713594
227.4,15.75,147.0,73.5,0.3232189973614775725593667546174142
227.5,15.75,147.0,73.5,0.3230769230769230769230769230769231
227.6,15.75,147.0,73.5,0.3229349736379613356766256590509666
227.7,15.75,147.0,73.5,0.3227931488801054018445322793148880
227.8,15.75,147.0,73.5,0.3226514486391571553994732221246708
227.9,15.75,147.0,73.5,0.3225098727512066695919262834576569
228.0,15.75,147.0,73.5,0.3223684210526315789473684210526316
228.1,15.75,147.0,73.5,0.3222270933800964489259096887330118
228.2,15.75,147.0,73.5,0.3220858895705521472392638036809816
228.3,15.75,147.0,73.5,0.3219448094612352168199737187910644
228.4,15.75,147.0,73.5,0.3218038528896672504378283712784588
228.5,15.75,147.0,73.5,0.3216630196936542669584245076586433
228.6,15.75,147.0,73.5,0.3215223097112860892388451443569554
228.7,15.75,147.0,73.5,0.3213817227809357236554438128552689
228.8,15.75,147.0,73.5,0.3212412587412587412587412587412587
228.9,15.75,147.0,73.5,0.3211009174311926605504587155963303
229.0,15.75,147.0,73.5,0.3209606986899563318777292576419214
229.1,15.75,147.0,73.5,0.3208206023570493234395460497599302
229.2,15.75,147.0,73.5,0.3206806282722513089005235602094241
229.3,15.75,147.0,73.5,0.3205407762756214566070649803750545
229.4,15.75,147.0,73.5,0.3204010462074978204010462074978204
229.5,15.75,147.0,73.5,0.3202614379084967320261437908496732
229.6,15.75,147.0,73.5,0.3201219512195121951219512195121951
229.7,15.75,147.0,73.5,0.3199825859817152808010448410970832
229.8,15.75,147.0,73.5,0.3198433420365535248041775456919060
229.9,15.75,147.0,73.5,0.3197042192257503262287951283166594
230.0,15.75,147.0,73.5,0.3195652173913043478260869565217391
230.1,15.75,147.0,73.5,0.3194263363754889178617992177314211
230.2,15.75,147.0,73.5,0.3192875760208514335360556038227628
230.3,15.75,147.0,73.5,0.3191489361702127659574468085106383
230.4,15.75,147.0,73.5,0.3190104166666666666666666666666667
230.5,15.75,147.0,73.5,0.3188720173535791757049891540130152
230.6,15.75,147.0,73.5,0.3187337380745880312228967909800520
230.7,15.75,147.0,73.5,0.3185955786736020806241872561768531
230.8,15.75,147.0,73.5,0.3184575389948006932409012131715771
230.9,15.75,147.0,73.5,0.3183196188826331745344304893893460
231.0,15.75,147.0,73.5,0.3181818181818181818181818181818182
231.1,15.75,147.0,73.5,0.3180441367373431414971873647771527
231.2,15.75,147.0,73.5,0.3179065743944636678200692041522491
231.3,15.75,147.0,73.5,0.3177691309987029831387808041504540
231.4,15.75,147.0,73.5,0.3176318063958513396715643906655143
231.5,15.75,147.0,73.5,0.3174946004319654427645788336933045
231.6,15.75,147.0,73.5,0.3173575129533678756476683937823834
231.7,15.75,147.0,73.5,0.3172205438066465256797583081570997
231.8,15.75,147.0,73.5,0.3170836928386540120793787748058671
231.9,15.75,147.0,73.5,0.3169469598965071151358344113842173
232.0,15.75,147.0,73.5,0.3168103448275862068965517241379310
232.1,15.75,147.0,73.5,0.3166738474795346833261525204653167
232.2,15.75,147.0,73.5,0.3165374677002583979328165374677003
232.3,15.75,147.0,73.5,0.3164012053379250968575118381403358
232.4,15.75,147.0,73.5,0.3162650602409638554216867469879518
232.5,15.75,147.0,73.5,0.3161290322580645161290322580645161
232.6,15.75,147.0,73.5,0.3159931212381771281169389509888220
232.7,15.75,147.0,73.5,0.3158573270305113880532874946282768
232.8,15.75,147.0,73.5,0.3157216494845360824742268041237113
232.9,15.75,147.0,73.5,0.3155860884499785315586088449978532
233.0,15.75,147.0,73.5,0.3154506437768240343347639484978541
233.1,15.75,147.0,73.5,0.3153153153153153153153153153153153
233.2,15.75,147.0,73.5,0.3151801029159519725557461406518010
233.3,15.75,147.0,73.5,0.3150450064294899271324474924989284
233.4,15.75,147.0,73.5,0.3149100257069408740359897172236504
233.5,15.75,147.0,73.5,0.3147751605995717344753747323340471
233.6,15.75,147.0,73.5,0.3146404109589041095890410958904110
233.7,15.75,147.0,73.5,0.3145057766367137355584082156611040
233.8,15.75,147.0,73.5,0.3143712574850299401197604790419162
233.9,15.75,147.0,73.5,0.3142368533561351004702864471996580
234.0,15.75,147.0,73.5,0.3141025641025641025641025641025641
234.1,15.75,147.0,73.5,0.3139683895771038017941050832977360
234.2,15.75,147.0,73.5,0.3138343296327924850555081127241674
234.3,15.75,147.0,73.5,0.3137003841229193341869398207426376
234.4,15.75,147.0,73.5,0.3135665529010238907849829351535836
234.5,15.75,147.0,73.5,0.3134328358208955223880597014925373
234.6,15.75,147.0,73.5,0.3132992327365728900255754475703325
234.7,15.75,147.0,73.5,0.3131657435023434171282488282914359
234.8,15.75,147.0,73.5,0.3130323679727427597955706984667802
234.9,15.75,147.0,73.5,0.3128991060025542784163473818646232
235.0,15.75,147.0,73.5,0.3127659574468085106382978723404255
235.1,15.75,147.0,73.5,0.3126329221607826456826882177796682
235.2,15.75,147.0,73.5,0.3125
235.3,15.75,147.0,73.5,0.3123671908202294942626434339141521
235.4,15.75,147.0,73.5,0.3122344944774851316907391673746814
235.5,15.75,147.0,73.5,0.3121019108280254777070063694267516
235.6,15.75,147.0,73.5,0.3119694397283531409168081494057725
235.7,15.75,147.0,73.5,0.3118370810352142554094187526516759
235.8,15.75,147.0,73.5,0.3117048346055979643765903307888041
235.9,15.75,147.0,73.5,0.3115727002967359050445103857566766
236.0,15.75,147.0,73.5,0.3114406779661016949152542372881356
236.1,15.75,147.0,73.5,0.3113087674714104193138500635324015
236.2,15.75,147.0,73.5,0.3111769686706181202370872142252329
236.3,15.75,147.0,73.5,0.3110452814219212865002115954295387
236.4,15.75,147.0,73.5,0.3109137055837563451776649746192893
236.5,15.75,147.1,73.55,0.3109936575052854122621564482029598
236.6,15.75,147.3,73.65,0.3112848689771766694843617920540997
236.7,15.75,147.5,73.75,0.3115758343895226024503591043514998
236.8,15.75,147.7,73.85,0.3118665540540540540540540540540541
236.9,15.75,147.9,73.95,0.3121570282819755170958210215280709
237.0,15.75,148.1,74.05,0.3124472573839662447257383966244726
237.1,15.75,148.3,74.15,0.3127372416701813580767608603964572
237.2,15.75,148.5,74.25,0.3130269814502529510961214165261383
237.3,15.75,148.7,74.35,0.3133164770332911925832279814580700
237.4,15.75,148.9,74.45,0.3136057287278854254422914911541702
237.5,15.75,149.1,74.55,0.3138947368421052631578947368421053
237.6,15.75,149.3,74.65,0.3141835016835016835016835016835017
237.7,15.75,149.5,74.75,0.3144720235591081194783340344972655
237.8,15.75,149.7,74.85,0.3147603027754415475189234650967199
237.9,15.75,149.9,74.95,0.3150483396385035729298024379991593
238.0,15.75,150.1,75.05,0.3153361344537815126050420168067227
238.1,15.75,150.3,75.15,0.3156236875262494750104997900041999
238.2,15.75,150.5,75.25,0.3159109991603694374475230898404702
238.3,15.75,150.7,75.35,0.3161980696600923206042803189257239
238.4,15.75,150.9,75.45,0.3164848993288590604026845637583893
238.5,15.75,151.1,75.55,0.3167714884696016771488469601677149
238.6,15.75,151.3,75.65,0.3170578373847443419949706621961442
238.7,15.75,151.5,75.75,0.3173439463762044407205697528278173
238.8,15.75,151.7,75.85,0.3176298157453936348408710217755444
238.9,15.75,151.9,75.95,0.3179154457932189200502302218501465
239.0,15.75,152.1,76.05,0.3182008368200836820083682008368201
239.1,15.75,152.3,76.15,0.3184859891258887494772061898787118
239.2,15.75,152.5,76.25,0.3187709030100334448160535117056856
239.3,15.75,152.7,76.35,0.3190555787714166318428750522356874
239.4,15.75,152.9,76.45,0.3193400167084377610693400167084378
239.5,15.75,153.1,76.55,0.3196242171189979123173277661795407
239.6,15.75,153.3,76.65,0.3199081803005008347245409015025042
239.7,15.75,153.5,76.75,0.3201919065498539841468502294534835
239.8,15.75,153.7,76.85,0.3204753961634695579649708090075063
239.9,15.75,153.9,76.95,0.3207586494372655273030429345560650
240.0,15.75,154.1,77.05,0.3210416666666666666666666666666667
240.1,15.75,154.3,77.15,0.3213244481466055810079133694294044
240.2,15.75,154.5,77.25,0.3216069941715237302248126561199001
240.3,15.75,154.7,77.35,0.3218893050353724511027881814398668
240.4,15.75,154.9,77.45,0.3221713810316139767054908485856905
240.5,15.75,155.1,77.55,0.3224532224532224532224532224532225
240.6,15.75,155.3,77.65,0.3227348295926849542809642560266002
240.7,15.75,155.5,77.75,0.3230162027420024927295388450353137
240.8,15.75,155.7,77.85,0.3232973421926910299003322259136213
240.9,15.75,155.9,77.95,0.3235782482357824823578248235782482
241.0,15.75,156.1,78.05,0.3238589211618257261410788381742739
241.1,15.75,156.3,78.15,0.3241393612608875985068436333471589
241.2,15.75,156.5,78.25,0.3244195688225538971807628524046434
241.3,15.75,156.7,78.35,0.3246995441359303771239121425611272
241.4,15.75,156.9,78.45,0.3249792874896437448218724109362055
241.5,15.75,157.1,78.55,0.3252587991718426501035196687370600
241.6,15.75,157.3,78.65,0.3255380794701986754966887417218543
241.7,15.75,157.5,78.75,0.3258171286719073231278444352503103
241.8,15.75,157.7,78.85,0.3260959470636889991728701406120761
241.9,15.75,157.9,78.95,0.3263745349317899958660603555188094
242.0,15.75,158.1,79.05,0.3266528925619834710743801652892562
242.1,15.75,158.3,79.15,0.3269310202395704254440313919867823
242.2,15.75,158.5,79.25,0.3272089182493806771263418662262593
242.3,15.75,158.7,79.35,0.3274865868757738340899711101939744
242.4,15.75,158.9,79.45,0.3277640264026402640264026402640264
242.5,15.75,159.1,79.55,0.3280412371134020618556701030927835
242.6,15.75,159.3,79.65,0.3283182192910140148392415498763397
242.7,15.75,159.5,79.75,0.3285949732179645653069633292130202
242.8,15.75,159.7,79.85,0.3288714991762767710049423393739703
242.9,15.75,159.9,79.95,0.3291477974475092630712227254013998
243.0,15.75,160.1,80.05,0.3294238683127572016460905349794239
243.1,15.75,160.3,80.15,0.3296997120526532291238173591114768
243.2,15.75,160.5,80.25,0.3299753289473684210526315789473684
243.3,15.75,160.7,80.35,0.3302507192766132346896835182901767
243.4,15.75,160.9,80.45,0.3305258833196384552177485620377979
243.5,15.75,161.1,80.55,0.3308008213552361396303901437371663
243.6,15.75,161.3,80.65,0.3310755336617405582922824302134647
243.7,15.75,161.5,80.75,0.3313500205170291341813705375461633
243.8,15.75,161.7,80.85,0.3316242821985233798195242001640689
243.9,15.75,161.9,80.95,0.3318983189831898318983189831898319
244.0,15.75,162.1,81.05,0.3321721311475409836065573770491803
244.1,15.75,162.3,81.15,0.3324457189676362146661204424416223
244.2,15.75,162.5,81.25,0.3327190827190827190827190827190827
244.3,15.75,162.7,81.35,0.3329922226770364306180925092099877
244.4,15.75,162.9,81.45,0.3332651391162029459901800327332242
244.5,15.75,163.1,81.55,0.3335378323108384458077709611451943
244.6,15.75,163.3,81.65,0.3338103025347506132461161079313164
244.7,15.75,163.5,81.75,0.3340825500612995504699632202697180
244.8,15.75,163.7,81.85,0.3343545751633986928104575163398693
244.9,15.75,163.9,81.95,0.3346263781135157207023274806043283
245.0,15.75,164.1,82.05,0.3348979591836734693877551020408163
245.1,15.75,164.3,82.15,0.3351693186454508363933088535291718
245.2,15.75,164.5,82.25,0.3354404567699836867862969004893964
245.3,15.75,164.7,82.35,0.3357113738279657562168772931104770
245.4,15.75,164.9,82.45,0.3359820700896495517522412387938060
245.5,15.75,165.1,82.55,0.3362525458248472505091649694501018
245.6,15.75,165.3,82.65,0.3365228013029315960912052117263844
245.7,15.75,165.5,82.75,0.3367928367928367928367928367928368
245.8,15.75,165.7,82.85,0.3370626525630593978844589096826688
245.9,15.75,165.9,82.95,0.3373322488816592110614070760471736
246.0,15.80,166.0,83.0,0.3373983739837398373983739837398374
246.1,15.90,166.0,83.0,0.3372612759041040227549776513612353
246.2,16.00,166.0,83.0,0.3371242891957757920389926888708367
246.3,16.10,166.0,83.0,0.3369874137231019082419813235891190
246.4,16.20,166.0,83.0,0.3368506493506493506493506493506494
246.5,16.30,166.0,83.0,0.3367139959432048681541582150101420
246.6,16.40,166.0,83.0,0.3365774533657745336577453365774534
246.7,16.50,166.0,83.0,0.3364410214835832995541143088771788
246.8,16.60,166.0,83.0,0.3363047001620745542949756888168558
246.9,16.70,166.0,83.0,0.3361684892669096800324017820980154
247.0,16.80,166.0,83.0,0.3360323886639676113360323886639676
247.1,16.85,166.0,83.0,0.3358963982193443949817887494941319
247.2,16.85,166.0,83.0,0.3357605177993527508090614886731392
247.3,16.85,166.0,83.0,0.3356247472705216336433481601293975
247.4,16.85,166.0,83.0,0.3354890864995957962813257881972514
247.5,16.85,166.0,83.0,0.3353535353535353535353535353535354
247.6,16.85,166.0,83.0,0.3352180936995153473344103392568659
247.7,16.85,166.0,83.0,0.3350827614049253128784820347194187
247.8,16.85,166.0,83.0,0.3349475383373688458434221146085553
247.9,16.85,166.0,83.0,0.3348124243646631706333198870512303
248.0,16.85,166.0,83.0,0.3346774193548387096774193548387097
248.1,16.85,166.0,83.0,0.3345425231761386537686416767432487
248.2,16.85,166.0,83.0,0.3344077356970185334407735697018533
248.3,16.85,166.0,83.0,0.3342730567861457913813934756343133
248.4,16.85,166.0,83.0,0.3341384863123993558776167471819646
248.5,16.85,166.0,83.0,0.3340040241448692152917505030181087
248.6,16.85,166.0,83.0,0.3338696701528559935639581657280772
248.7,16.85,166.0,83.0,0.3337354242058705267390430237233615
248.8,16.85,166.0,83.0,0.3336012861736334405144694533762058
248.9,16.85,166.0,83.0,0.3334672559260747288067496986741663
249.0,16.85,166.0,83.0,0.3333333333333333333333333333333333
249.1,16.85,166.0,83.0,0.3331995182657567242071457246085909
249.2,16.85,166.0,83.0,0.3330658105939004815409309791332263
249.3,16.85,166.0,83.0,0.3329322101885278780585639791415965
249.4,16.85,166.0,83.0,0.3327987169206094627105052125100241
249.5,16.85,166.0,83.0,0.3326653306613226452905811623246493
249.6,16.85,166.0,83.0,0.3325320512820512820512820512820513
249.7,16.85,166.0,83.0,0.3323988786543852623147777332799359
249.8,16.85,166.0,83.0,0.3322658126501200960768614891913531
249.9,16.85,166.0,83.0,0.3321328531412565026010404161664666
250.0,16.85,166.0,83.0,0.332
